﻿<?xml version="1.0" encoding="utf-8"?>
<deployment>
  <id>36195ecf-1491-4eb0-b4f5-2de21267f6d7</id>
  <author>N/A</author>
  <deployer>Push-Deployer</deployer>
  <authorEmail>N/A</authorEmail>
  <message>Created via a push deployment</message>
  <progress></progress>
  <status>Success</status>
  <statusText></statusText>
  <lastSuccessEndTime>2025-11-05T17:07:13.1097983Z</lastSuccessEndTime>
  <receivedTime>2025-11-05T17:07:01.0728504Z</receivedTime>
  <startTime>2025-11-05T17:07:03.0986577Z</startTime>
  <endTime>2025-11-05T17:07:13.1097983Z</endTime>
  <complete>True</complete>
  <is_temp>False</is_temp>
  <is_readonly>True</is_readonly>
  <buildSummary />
</deployment>