﻿<?xml version="1.0" encoding="utf-8"?>
<deployment>
  <id>1b6fad58-a33a-47ab-8c63-aed9d5c294dc</id>
  <author>N/A</author>
  <deployer>OneDeploy</deployer>
  <authorEmail>N/A</authorEmail>
  <message>OneDeploy</message>
  <progress></progress>
  <status>Success</status>
  <statusText></statusText>
  <lastSuccessEndTime>2025-11-05T22:02:29.1991418Z</lastSuccessEndTime>
  <receivedTime>2025-11-05T22:02:13.3596977Z</receivedTime>
  <startTime>2025-11-05T22:02:16.8376517Z</startTime>
  <endTime>2025-11-05T22:02:29.1991418Z</endTime>
  <complete>True</complete>
  <is_temp>False</is_temp>
  <is_readonly>True</is_readonly>
  <buildSummary />
</deployment>