﻿<?xml version="1.0" encoding="utf-8"?>
<deployment>
  <id>0a4df73b-450d-4947-8602-79825a4055af</id>
  <author>N/A</author>
  <deployer>OneDeploy</deployer>
  <authorEmail>N/A</authorEmail>
  <message>OneDeploy</message>
  <progress></progress>
  <status>Success</status>
  <statusText></statusText>
  <lastSuccessEndTime>2025-11-05T22:19:59.1685935Z</lastSuccessEndTime>
  <receivedTime>2025-11-05T22:19:34.572123Z</receivedTime>
  <startTime>2025-11-05T22:19:42.0479148Z</startTime>
  <endTime>2025-11-05T22:19:59.1685935Z</endTime>
  <complete>True</complete>
  <is_temp>False</is_temp>
  <is_readonly>True</is_readonly>
  <buildSummary />
</deployment>