<step title="Incoming Request" date="2025-11-05T17:18:51.561" instance="2b261b" url="/api/publish?async=true&amp;deployer=GITHUB_ONE_DEPLOY&amp;type=zip&amp;message=%7B%22type%22%3A%22deployment%22%2C%22sha%22%3A%22c941832721c33ef1c880dd0a366a31edd13f5735%22%2C%22repoName%22%3A%22davebirr%2FFabrikam-Project%22%2C%22actor%22%3A%22davebirr%22%2C%22slotName%22%3A%22Production%22%2C%22commitMessage%22%3A%22feat%3A%20Add%20FabrikamDashboard%20with%20real-time%20metrics%20and%20CI%2FCD%5Cn%5Cn-%20Add%20Blazor%20Server%20dashboard%20with%20SignalR%20real-time%20updates%5Cn-%20Implement%20background%20polling%20service%20(5-second%20intervals)%5Cn-%20Create%20API%20clients%20for%20FabrikamApi%20and%20FabrikamSimulator%5Cn-%20Add%20reusable%20Blazor%20components%20(MetricCard%2C%20SimulatorToggle)%5Cn-%20Build%20main%20dashboard%20page%20with%20metrics%2C%20charts%2C%20and%20controls%5Cn%5CnInfrastructure%20%26%20Deployment%3A%5Cn-%20Update%20ARM%20templates%20for%20dashboard%20deployment%5Cn-%20Add%20incremental%20deployment%20tools%20for%20existing%20environments%5Cn-%20Configure%20GitHub%20Actions%20workflow%20for%20main%20branch%20CI%2FCD%5Cn-%20Update%20full-stack%20deployment%20workflow%20for%20workshop%20instances%5Cn%5CnFeatures%3A%5Cn-%20Real-time%20metrics%3A%20Active%20Orders%2C%20Open%20Tickets%2C%20Revenue%2C%20Avg%20Order%20Value%5Cn-%20Visual%20charts%3A%20Orders%20by%20Status%2C%20Orders%20by%20Region%5Cn-%20Simulator%20controls%3A%20Order%20Progression%2C%20Order%20Generator%2C%20Ticket%20Generator%5Cn-%20Connection%20status%20indicator%20with%20auto-reconnect%5Cn%5CnDocumentation%3A%5Cn-%20Dashboard%20implementation%20guide%5Cn-%20Incremental%20deployment%20guide%5Cn-%20README%20with%20architecture%20an%22%7D" method="POST" type="request" pid="843,1,15" Host="fabrikam-dash-development-tzjeje.scm.azurewebsites.net" User-Agent="GITHUBACTIONS_DeployWebAppToAzure_ff222c1818888211b99a37d44e9d1cdf389bec11b62e90e92e71032ee5564df7" Authorization="Bea..." Content-Type="application/octet-stream" Cookie="ARRAffinity=2b261bc217ca563c1dbab7acbf33b1bfe0d40640c43abfd5946eaec8d2ce0295;Path=/;HttpOnly;Secure;Domain=fabrikam-dash-development-tzjeje.scm.azurewebsites.net; ARRAffinitySameSite=2b261bc217ca563c1dbab7acbf33b1bfe0d40640c43abfd5946eaec8d2ce0295;Path=/;HttpOnly;SameSite=None;Secure;Domain=fabrikam-dash-development-tzjeje.scm.azurewebsites.net" Transfer-Encoding="chunked" X-ARR-LOG-ID="78e2b037-2eb3-49f6-93d5-37f7e695afb4" CLIENT-IP="145.132.99.131:56352" X-SITE-DEPLOYMENT-ID="fabrikam-dash-development-tzjeje" WAS-DEFAULT-HOSTNAME="fabrikam-dash-development-tzjeje.scm.azurewebsites.net" X-Forwarded-Proto="https" X-AppService-Proto="https" X-Forwarded-TlsVersion="1.3" X-WAWS-Unencoded-URL="/api/publish?async=true&amp;deployer=GITHUB_ONE_DEPLOY&amp;type=zip&amp;message=%7B%22type%22%3A%22deployment%22%2C%22sha%22%3A%22c941832721c33ef1c880dd0a366a31edd13f5735%22%2C%22repoName%22%3A%22davebirr%2FFabrikam-Project%22%2C%22actor%22%3A%22davebirr%22%2C%22slotName%22%3A%22Production%22%2C%22commitMessage%22%3A%22feat%3A%20Add%20FabrikamDashboard%20with%20real-time%20metrics%20and%20CI%2FCD%5Cn%5Cn-%20Add%20Blazor%20Server%20dashboard%20with%20SignalR%20real-time%20updates%5Cn-%20Implement%20background%20polling%20service%20(5-second%20intervals)%5Cn-%20Create%20API%20clients%20for%20FabrikamApi%20and%20FabrikamSimulator%5Cn-%20Add%20reusable%20Blazor%20components%20(MetricCard%2C%20SimulatorToggle)%5Cn-%20Build%20main%20dashboard%20page%20with%20metrics%2C%20charts%2C%20and%20controls%5Cn%5CnInfrastructure%20%26%20Deployment%3A%5Cn-%20Update%20ARM%20templates%20for%20dashboard%20deployment%5Cn-%20Add%20incremental%20deployment%20tools%20for%20existing%20environments%5Cn-%20Configure%20GitHub%20Actions%20workflow%20for%20main%20branch%20CI%2FCD%5Cn-%20Update%20full-stack%20deployment%20workflow%20for%20workshop%20instances%5Cn%5CnFeatures%3A%5Cn-%20Real-time%20metrics%3A%20Active%20Orders%2C%20Open%20Tickets%2C%20Revenue%2C%20Avg%20Order%20Value%5Cn-%20Visual%20charts%3A%20Orders%20by%20Status%2C%20Orders%20by%20Region%5Cn-%20Simulator%20controls%3A%20Order%20Progression%2C%20Order%20Generator%2C%20Ticket%20Generator%5Cn-%20Connection%20status%20indicator%20with%20auto-reconnect%5Cn%5CnDocumentation%3A%5Cn-%20Dashboard%20implementation%20guide%5Cn-%20Incremental%20deployment%20guide%5Cn-%20README%20with%20architecture%20an%22%7D" X-Client-IP="145.132.99.131" X-Client-Port="56352" >
  <step title="OneDeploy" date="2025-11-05T17:18:52.463" >
    <step title="None repository commit" date="2025-11-05T17:18:52.483" >
      <step title="Commit id: 6c208bdd-b5c8-4ec4-993f-b6f5ecb3ca1a" date="2025-11-05T17:18:52.487" Message="N/A" AuthorName="N/A" AuthorEmail="N/A" /><!-- duration: 6ms -->
    </step><!-- duration: 13ms -->
    <step title="Starting PushDeployAsync" date="2025-11-05T17:18:52.503" /><!-- duration: 3ms -->
    <step title="WEBSITE_RUN_FROM_PACKAGE is set to 1. Writing zip to SitePackagesPath" date="2025-11-05T17:18:52.536" /><!-- duration: 19ms -->
    <step title="Copying zip to SitePackages /home/data/SitePackages/20251105171852.zip from request body" date="2025-11-05T17:18:52.584" /><!-- duration: 3ms -->
    <step title="Writing multipart request body to /home/data/SitePackages/20251105171852.zip" date="2025-11-05T17:18:52.591" /><!-- duration: 3ms -->
    <step title="Start deployment in the background" date="2025-11-05T17:18:53.443" >
      <step title="Acquiring Deployment Lock" date="2025-11-05T17:18:53.936" /><!-- duration: 20ms -->
      <step title="Acquired Deployment Lock" date="2025-11-05T17:18:54.079" /><!-- duration: 5ms -->
    </step><!-- duration: 725ms -->
  </step><!-- duration: 1716ms -->
  <step title="Outgoing response" date="2025-11-05T17:18:54.199" type="response" statusCode="202" statusText="Accepted" /><!-- duration: 8ms -->
</step><!-- duration: 2649ms -->
