<step title="Incoming Request" date="2025-11-05T18:26:58.294" instance="2b261b" url="/api/publish?async=true&amp;deployer=GITHUB_ONE_DEPLOY&amp;type=zip&amp;message=%7B%22type%22%3A%22deployment%22%2C%22sha%22%3A%22a05933c33618c73db0256d1e0aee1849c08a4d5f%22%2C%22repoName%22%3A%22davebirr%2FFabrikam-Project%22%2C%22actor%22%3A%22davebirr%22%2C%22slotName%22%3A%22Production%22%2C%22commitMessage%22%3A%22fix%3A%20Add%20System.IdentityModel.Tokens.Jwt%20package%20to%20dashboard%5Cn%5CnBuild%20was%20failing%20because%20JWT%20token%20generation%20requires%20this%20package.%5CnAdded%20version%208.2.1%20to%20match%20other%20Fabrikam%20projects.%22%7D" method="POST" type="request" pid="837,1,21" Host="fabrikam-dash-development-tzjeje.scm.azurewebsites.net" User-Agent="GITHUBACTIONS_DeployWebAppToAzure_ff222c1818888211b99a37d44e9d1cdf389bec11b62e90e92e71032ee5564df7" Authorization="Bea..." Content-Type="application/octet-stream" Cookie="ARRAffinity=2b261bc217ca563c1dbab7acbf33b1bfe0d40640c43abfd5946eaec8d2ce0295;Path=/;HttpOnly;Secure;Domain=fabrikam-dash-development-tzjeje.scm.azurewebsites.net; ARRAffinitySameSite=2b261bc217ca563c1dbab7acbf33b1bfe0d40640c43abfd5946eaec8d2ce0295;Path=/;HttpOnly;SameSite=None;Secure;Domain=fabrikam-dash-development-tzjeje.scm.azurewebsites.net" Transfer-Encoding="chunked" X-ARR-LOG-ID="531f2367-b194-4cf1-bd68-53a3408ecca3" CLIENT-IP="172.184.210.162:50176" X-SITE-DEPLOYMENT-ID="fabrikam-dash-development-tzjeje" WAS-DEFAULT-HOSTNAME="fabrikam-dash-development-tzjeje.scm.azurewebsites.net" X-Forwarded-Proto="https" X-AppService-Proto="https" X-Forwarded-TlsVersion="1.3" X-WAWS-Unencoded-URL="/api/publish?async=true&amp;deployer=GITHUB_ONE_DEPLOY&amp;type=zip&amp;message=%7B%22type%22%3A%22deployment%22%2C%22sha%22%3A%22a05933c33618c73db0256d1e0aee1849c08a4d5f%22%2C%22repoName%22%3A%22davebirr%2FFabrikam-Project%22%2C%22actor%22%3A%22davebirr%22%2C%22slotName%22%3A%22Production%22%2C%22commitMessage%22%3A%22fix%3A%20Add%20System.IdentityModel.Tokens.Jwt%20package%20to%20dashboard%5Cn%5CnBuild%20was%20failing%20because%20JWT%20token%20generation%20requires%20this%20package.%5CnAdded%20version%208.2.1%20to%20match%20other%20Fabrikam%20projects.%22%7D" X-Client-IP="172.184.210.162" X-Client-Port="50176" >
  <step title="OneDeploy" date="2025-11-05T18:26:58.704" >
    <step title="None repository commit" date="2025-11-05T18:26:59.123" >
      <step title="Commit id: 6837cbea-10bb-48ee-8766-a2871ce727b6" date="2025-11-05T18:26:59.134" Message="N/A" AuthorName="N/A" AuthorEmail="N/A" /><!-- duration: 20ms -->
    </step><!-- duration: 59ms -->
    <step title="Starting PushDeployAsync" date="2025-11-05T18:26:59.210" /><!-- duration: 13ms -->
    <step title="WEBSITE_RUN_FROM_PACKAGE is set to 1. Writing zip to SitePackagesPath" date="2025-11-05T18:26:59.337" /><!-- duration: 47ms -->
    <step title="Copying zip to SitePackages /home/data/SitePackages/20251105182658.zip from request body" date="2025-11-05T18:26:59.472" /><!-- duration: 28ms -->
    <step title="Writing multipart request body to /home/data/SitePackages/20251105182658.zip" date="2025-11-05T18:26:59.576" /><!-- duration: 19ms -->
    <step title="Deleting outdated zip file /home/data/SitePackages/20251105170650.zip" date="2025-11-05T18:27:00.799" /><!-- duration: 71ms -->
    <step title="Start deployment in the background" date="2025-11-05T18:27:00.911" >
      <step title="Acquiring Deployment Lock" date="2025-11-05T18:27:01.047" /><!-- duration: 12ms -->
      <step title="Acquired Deployment Lock" date="2025-11-05T18:27:01.193" /><!-- duration: 19ms -->
    </step><!-- duration: 812ms -->
  </step><!-- duration: 3248ms -->
  <step title="Outgoing response" date="2025-11-05T18:27:02.111" type="response" statusCode="202" statusText="Accepted" /><!-- duration: 19ms -->
</step><!-- duration: 3847ms -->
