<step title="BackgroundTrace" date="2025-11-05T18:27:00.939" instance="2b261b" url="/api/publish" method="POST" >
  <step title="Cleanup Xml Logs" date="2025-11-05T18:27:00.970" /><!-- duration: 37ms -->
  <step title="Creating temporary deployment - FetchDeploymentManager" date="2025-11-05T18:27:01.222" /><!-- duration: 41ms -->
  <step title="Creating temporary deployment" date="2025-11-05T18:27:01.298" /><!-- duration: 374ms -->
  <step title="Performing fetch based deployment" date="2025-11-05T18:27:02.313" >
    <step title="Deployment timer started" date="2025-11-05T18:27:07.568" >
      <step title="DeploymentManager.Deploy(id:6837cbea-10bb-48ee-8766-a2871ce727b6)" date="2025-11-05T18:27:07.601" >
        <step title="Collecting changeset information" date="2025-11-05T18:27:07.711" /><!-- duration: 173ms -->
        <step title="Updating submodules" date="2025-11-05T18:27:07.891" /><!-- duration: 1270ms -->
        <step title="Determining deployment builder" date="2025-11-05T18:27:09.704" >
          <step title="Builder is RunFromZipSiteBuilder" date="2025-11-05T18:27:09.779" /><!-- duration: 12ms -->
        </step><!-- duration: 91ms -->
        <step title="PreDeployment: context.CleanOutputPath False" date="2025-11-05T18:27:09.915" >
          <step title="PreDeployment: context.OutputPath /home/site/wwwroot" date="2025-11-05T18:27:10.541" >
            <step title="Building" date="2025-11-05T18:27:10.994" >
              <step title="Modified file to trigger a restart of the app container." date="2025-11-05T18:27:11.939" /><!-- duration: 29ms -->
              <step title="Skip function trigger and logicapp sync because function is not enabled." date="2025-11-05T18:27:12.027" /><!-- duration: 22ms -->
            </step><!-- duration: 7909ms -->
          </step><!-- duration: 8411ms -->
          <step title="Cleaning up temp files" date="2025-11-05T18:27:18.988" /><!-- duration: 165ms -->
          <step title="Cleaning up temp files" date="2025-11-05T18:27:19.394" /><!-- duration: 1044ms -->
          <step title="Reloading status file with latest updates" date="2025-11-05T18:27:22.559" >
            <step title="WebHooksManager.PublishEventAsync: PostDeployment" date="2025-11-05T18:27:22.713" /><!-- duration: 378ms -->
          </step><!-- duration: 580ms -->
          <step title="Cleaning up temporary deployment - fetch deployment was successful" date="2025-11-05T18:27:23.196" /><!-- duration: 30ms -->
        </step><!-- duration: 13769ms -->
      </step><!-- duration: 16201ms -->
