<step title="BackgroundTrace" date="2025-11-05T18:04:56.275" instance="2b261b" url="/api/publish" method="POST" >
  <step title="Creating temporary deployment - FetchDeploymentManager" date="2025-11-05T18:04:56.629" /><!-- duration: 9ms -->
  <step title="Creating temporary deployment" date="2025-11-05T18:04:56.666" /><!-- duration: 215ms -->
  <step title="Performing fetch based deployment" date="2025-11-05T18:04:56.948" >
    <step title="Deployment timer started" date="2025-11-05T18:05:01.319" >
      <step title="DeploymentManager.Deploy(id:8f1d010f-5ab6-43ed-9ed7-5ad1e7d8908f)" date="2025-11-05T18:05:01.485" >
        <step title="Collecting changeset information" date="2025-11-05T18:05:02.167" /><!-- duration: 1914ms -->
        <step title="Updating submodules" date="2025-11-05T18:05:04.563" /><!-- duration: 2413ms -->
        <step title="Determining deployment builder" date="2025-11-05T18:05:07.677" >
          <step title="Builder is RunFromZipSiteBuilder" date="2025-11-05T18:05:07.699" /><!-- duration: 9ms -->
        </step><!-- duration: 58ms -->
        <step title="PreDeployment: context.CleanOutputPath False" date="2025-11-05T18:05:07.833" >
          <step title="PreDeployment: context.OutputPath /home/site/wwwroot" date="2025-11-05T18:05:08.030" >
            <step title="Building" date="2025-11-05T18:05:08.553" >
              <step title="Modified file to trigger a restart of the app container." date="2025-11-05T18:05:09.598" /><!-- duration: 38ms -->
              <step title="Skip function trigger and logicapp sync because function is not enabled." date="2025-11-05T18:05:09.660" /><!-- duration: 45ms -->
            </step><!-- duration: 3649ms -->
          </step><!-- duration: 4184ms -->
          <step title="Cleaning up temp files" date="2025-11-05T18:05:12.223" /><!-- duration: 11ms -->
          <step title="Cleaning up temp files" date="2025-11-05T18:05:12.250" /><!-- duration: 520ms -->
          <step title="Reloading status file with latest updates" date="2025-11-05T18:05:12.847" >
            <step title="WebHooksManager.PublishEventAsync: PostDeployment" date="2025-11-05T18:05:12.866" /><!-- duration: 111ms -->
          </step><!-- duration: 152ms -->
          <step title="Cleaning up temporary deployment - fetch deployment was successful" date="2025-11-05T18:05:13.178" /><!-- duration: 11ms -->
        </step><!-- duration: 7121ms -->
      </step><!-- duration: 13818ms -->
