<step title="Incoming Request" date="2025-11-05T17:22:47.307" instance="2b261b" url="/api/publish?async=true&amp;deployer=GITHUB_ONE_DEPLOY&amp;type=zip&amp;message=%7B%22type%22%3A%22deployment%22%2C%22sha%22%3A%226bd2edb5f2092912b9fb58c9dc7c7e265276fde9%22%2C%22repoName%22%3A%22davebirr%2FFabrikam-Project%22%2C%22actor%22%3A%22davebirr%22%2C%22slotName%22%3A%22Production%22%2C%22commitMessage%22%3A%22Resolve%20merge%20conflict%3A%20Keep%20latest%20survey%20export%20(106%20responses%20with%20full%20metadata)%22%7D" method="POST" type="request" pid="843,1,20" Host="fabrikam-dash-development-tzjeje.scm.azurewebsites.net" User-Agent="GITHUBACTIONS_DeployWebAppToAzure_ff222c1818888211b99a37d44e9d1cdf389bec11b62e90e92e71032ee5564df7" Authorization="Bea..." Content-Type="application/octet-stream" Cookie="ARRAffinity=2b261bc217ca563c1dbab7acbf33b1bfe0d40640c43abfd5946eaec8d2ce0295;Path=/;HttpOnly;Secure;Domain=fabrikam-dash-development-tzjeje.scm.azurewebsites.net; ARRAffinitySameSite=2b261bc217ca563c1dbab7acbf33b1bfe0d40640c43abfd5946eaec8d2ce0295;Path=/;HttpOnly;SameSite=None;Secure;Domain=fabrikam-dash-development-tzjeje.scm.azurewebsites.net" Transfer-Encoding="chunked" X-ARR-LOG-ID="d28d5ef8-1b8e-4762-8475-2b8843cdb614" CLIENT-IP="172.184.214.208:60416" X-SITE-DEPLOYMENT-ID="fabrikam-dash-development-tzjeje" WAS-DEFAULT-HOSTNAME="fabrikam-dash-development-tzjeje.scm.azurewebsites.net" X-Forwarded-Proto="https" X-AppService-Proto="https" X-Forwarded-TlsVersion="1.3" X-WAWS-Unencoded-URL="/api/publish?async=true&amp;deployer=GITHUB_ONE_DEPLOY&amp;type=zip&amp;message=%7B%22type%22%3A%22deployment%22%2C%22sha%22%3A%226bd2edb5f2092912b9fb58c9dc7c7e265276fde9%22%2C%22repoName%22%3A%22davebirr%2FFabrikam-Project%22%2C%22actor%22%3A%22davebirr%22%2C%22slotName%22%3A%22Production%22%2C%22commitMessage%22%3A%22Resolve%20merge%20conflict%3A%20Keep%20latest%20survey%20export%20(106%20responses%20with%20full%20metadata)%22%7D" X-Client-IP="172.184.214.208" X-Client-Port="60416" >
  <step title="OneDeploy" date="2025-11-05T17:22:47.576" >
    <step title="Starting PushDeployAsync" date="2025-11-05T17:22:47.643" /><!-- duration: 21ms -->
    <step title="WEBSITE_RUN_FROM_PACKAGE is set to 1. Writing zip to SitePackagesPath" date="2025-11-05T17:22:47.675" /><!-- duration: 9ms -->
    <step title="Copying zip to SitePackages /home/data/SitePackages/20251105172247.zip from request body" date="2025-11-05T17:22:47.720" /><!-- duration: 11ms -->
    <step title="Writing multipart request body to /home/data/SitePackages/20251105172247.zip" date="2025-11-05T17:22:47.749" /><!-- duration: 9ms -->
    <step title="Start deployment in the background" date="2025-11-05T17:22:48.371" >
      <step title="Acquiring Deployment Lock" date="2025-11-05T17:22:48.489" /><!-- duration: 19ms -->
      <step title="Acquired Deployment Lock" date="2025-11-05T17:22:48.585" /><!-- duration: 12ms -->
    </step><!-- duration: 321ms -->
  </step><!-- duration: 1121ms -->
  <step title="Outgoing response" date="2025-11-05T17:22:48.701" type="response" statusCode="202" statusText="Accepted" /><!-- duration: 3ms -->
</step><!-- duration: 1399ms -->
