﻿<?xml version="1.0" encoding="utf-8"?>
<deployment>
  <id>14cfb8e1-f609-4c4d-8755-455942f51ab7</id>
  <author>N/A</author>
  <deployer>OneDeploy</deployer>
  <authorEmail>N/A</authorEmail>
  <message>OneDeploy</message>
  <progress></progress>
  <status>Success</status>
  <statusText></statusText>
  <lastSuccessEndTime>2025-11-05T20:58:44.0204725Z</lastSuccessEndTime>
  <receivedTime>2025-11-05T20:58:32.9332487Z</receivedTime>
  <startTime>2025-11-05T20:58:37.3498235Z</startTime>
  <endTime>2025-11-05T20:58:44.0204725Z</endTime>
  <complete>True</complete>
  <is_temp>False</is_temp>
  <is_readonly>True</is_readonly>
  <buildSummary />
</deployment>