﻿<?xml version="1.0" encoding="utf-8"?>
<deployment>
  <id>4e2d52e7-90e8-4a3c-b0e3-803a371eab1a</id>
  <author>N/A</author>
  <deployer>OneDeploy</deployer>
  <authorEmail>N/A</authorEmail>
  <message>OneDeploy</message>
  <progress></progress>
  <status>Success</status>
  <statusText></statusText>
  <lastSuccessEndTime>2025-11-05T20:53:05.6750954Z</lastSuccessEndTime>
  <receivedTime>2025-11-05T20:51:42.985681Z</receivedTime>
  <startTime>2025-11-05T20:52:16.4653795Z</startTime>
  <endTime>2025-11-05T20:53:05.6750954Z</endTime>
  <complete>True</complete>
  <is_temp>False</is_temp>
  <is_readonly>True</is_readonly>
  <buildSummary />
</deployment>