﻿<?xml version="1.0" encoding="utf-8"?>
<deployment>
  <id>76645744-cbac-4560-87ca-3257d60afd4a</id>
  <author>N/A</author>
  <deployer>OneDeploy</deployer>
  <authorEmail>N/A</authorEmail>
  <message>OneDeploy</message>
  <progress></progress>
  <status>Success</status>
  <statusText></statusText>
  <lastSuccessEndTime>2025-11-05T21:35:01.0601116Z</lastSuccessEndTime>
  <receivedTime>2025-11-05T21:34:57.0557438Z</receivedTime>
  <startTime>2025-11-05T21:34:58.6652804Z</startTime>
  <endTime>2025-11-05T21:35:01.0601116Z</endTime>
  <complete>True</complete>
  <is_temp>False</is_temp>
  <is_readonly>True</is_readonly>
  <buildSummary />
</deployment>