﻿<?xml version="1.0" encoding="utf-8"?>
<deployment>
  <id>6f40d00f-048b-44fa-8a66-a9bd65c57f6d</id>
  <author>N/A</author>
  <deployer>OneDeploy</deployer>
  <authorEmail>N/A</authorEmail>
  <message>OneDeploy</message>
  <progress></progress>
  <status>Success</status>
  <statusText></statusText>
  <lastSuccessEndTime>2025-11-05T22:35:24.7085894Z</lastSuccessEndTime>
  <receivedTime>2025-11-05T22:35:18.8898469Z</receivedTime>
  <startTime>2025-11-05T22:35:20.4061752Z</startTime>
  <endTime>2025-11-05T22:35:24.7085894Z</endTime>
  <complete>True</complete>
  <is_temp>False</is_temp>
  <is_readonly>True</is_readonly>
  <buildSummary />
</deployment>