<step title="Incoming Request" date="2025-11-05T22:03:42.255" instance="2b261b" url="/api/publish?async=true&amp;deployer=GITHUB_ONE_DEPLOY&amp;type=zip&amp;message=%7B%22type%22%3A%22deployment%22%2C%22sha%22%3A%224729b62fc5ec32c02cd63f16ea6420ac6e1f2048%22%2C%22repoName%22%3A%22davebirr%2FFabrikam-Project%22%2C%22actor%22%3A%22davebirr%22%2C%22slotName%22%3A%22Production%22%2C%22commitMessage%22%3A%22feat%3A%20Add%20comprehensive%20logging%20for%20invalid%20GUID%20formats%20in%20API%5Cn%5Cn-%20Warn%20when%20X-Tracking-Guid%20header%20contains%20invalid%20GUID%20format%5Cn-%20Log%20the%20invalid%20value%20and%20its%20length%20for%20debugging%5Cn-%20Improve%20tracking%20of%20when%20new%20GUIDs%20are%20created%20vs%20reused%5Cn-%20Helps%20diagnose%20dashboard%20GUID%20format%20issues%5Cn-%20Maintains%20backward%20compatibility%20by%20creating%20new%20GUID%20on%20parse%20failure%22%7D" method="POST" type="request" pid="843,1,36" Host="fabrikam-dash-development-tzjeje.scm.azurewebsites.net" User-Agent="GITHUBACTIONS_DeployWebAppToAzure_ff222c1818888211b99a37d44e9d1cdf389bec11b62e90e92e71032ee5564df7" Authorization="Bea..." Content-Type="application/octet-stream" Cookie="ARRAffinity=2b261bc217ca563c1dbab7acbf33b1bfe0d40640c43abfd5946eaec8d2ce0295;Path=/;HttpOnly;Secure;Domain=fabrikam-dash-development-tzjeje.scm.azurewebsites.net; ARRAffinitySameSite=2b261bc217ca563c1dbab7acbf33b1bfe0d40640c43abfd5946eaec8d2ce0295;Path=/;HttpOnly;SameSite=None;Secure;Domain=fabrikam-dash-development-tzjeje.scm.azurewebsites.net" Transfer-Encoding="chunked" X-ARR-LOG-ID="050c8fd4-2c54-4659-abc4-3638357f512b" CLIENT-IP="135.232.232.53:3136" X-SITE-DEPLOYMENT-ID="fabrikam-dash-development-tzjeje" WAS-DEFAULT-HOSTNAME="fabrikam-dash-development-tzjeje.scm.azurewebsites.net" X-Forwarded-Proto="https" X-AppService-Proto="https" X-Forwarded-TlsVersion="1.3" X-WAWS-Unencoded-URL="/api/publish?async=true&amp;deployer=GITHUB_ONE_DEPLOY&amp;type=zip&amp;message=%7B%22type%22%3A%22deployment%22%2C%22sha%22%3A%224729b62fc5ec32c02cd63f16ea6420ac6e1f2048%22%2C%22repoName%22%3A%22davebirr%2FFabrikam-Project%22%2C%22actor%22%3A%22davebirr%22%2C%22slotName%22%3A%22Production%22%2C%22commitMessage%22%3A%22feat%3A%20Add%20comprehensive%20logging%20for%20invalid%20GUID%20formats%20in%20API%5Cn%5Cn-%20Warn%20when%20X-Tracking-Guid%20header%20contains%20invalid%20GUID%20format%5Cn-%20Log%20the%20invalid%20value%20and%20its%20length%20for%20debugging%5Cn-%20Improve%20tracking%20of%20when%20new%20GUIDs%20are%20created%20vs%20reused%5Cn-%20Helps%20diagnose%20dashboard%20GUID%20format%20issues%5Cn-%20Maintains%20backward%20compatibility%20by%20creating%20new%20GUID%20on%20parse%20failure%22%7D" X-Client-IP="135.232.232.53" X-Client-Port="3136" >
  <step title="Cleanup Xml Logs" date="2025-11-05T22:03:42.273" /><!-- duration: 22ms -->
  <step title="OneDeploy" date="2025-11-05T22:03:42.580" >
    <step title="Starting PushDeployAsync" date="2025-11-05T22:03:42.968" /><!-- duration: 12ms -->
    <step title="WEBSITE_RUN_FROM_PACKAGE is set to 1. Writing zip to SitePackagesPath" date="2025-11-05T22:03:43.435" /><!-- duration: 19ms -->
    <step title="Copying zip to SitePackages /home/data/SitePackages/20251105220342.zip from request body" date="2025-11-05T22:03:43.738" /><!-- duration: 107ms -->
    <step title="Writing multipart request body to /home/data/SitePackages/20251105220342.zip" date="2025-11-05T22:03:44.001" /><!-- duration: 25ms -->
    <step title="Deleting outdated zip file /home/data/SitePackages/20251105205052.zip" date="2025-11-05T22:03:49.600" /><!-- duration: 427ms -->
    <step title="Start deployment in the background" date="2025-11-05T22:03:50.464" >
      <step title="Acquiring Deployment Lock" date="2025-11-05T22:03:52.331" /><!-- duration: 30ms -->
      <step title="Acquired Deployment Lock" date="2025-11-05T22:03:53.672" /><!-- duration: 712ms -->
    </step><!-- duration: 7273ms -->
  </step><!-- duration: 15617ms -->
  <step title="Outgoing response" date="2025-11-05T22:03:58.248" type="response" statusCode="202" statusText="Accepted" /><!-- duration: 67ms -->
</step><!-- duration: 16226ms -->
