<step title="Incoming Request" date="2025-11-05T20:50:40.437" instance="2b261b" url="/api/publish?async=true&amp;deployer=GITHUB_ONE_DEPLOY&amp;type=zip&amp;message=%7B%22type%22%3A%22deployment%22%2C%22sha%22%3A%2230d6bda1eb5dc751d1e9e2a02b16e8ec9dcc862a%22%2C%22repoName%22%3A%22davebirr%2FFabrikam-Project%22%2C%22actor%22%3A%22davebirr%22%2C%22slotName%22%3A%22Production%22%2C%22commitMessage%22%3A%22feat%3A%20Add%20conditional%20authentication%20support%20to%20dashboard%20(Disabled%2FBearerToken%20modes)%5Cn%5Cn-%20Dashboard%20now%20respects%20Authentication%3AMode%20configuration%20setting%5Cn-%20Disabled%20mode%3A%20Uses%20X-Tracking-Guid%20header%20with%20dashboard%20service%20GUID%5Cn-%20BearerToken%20mode%3A%20Uses%20JWT%20authentication%20(existing%20implementation)%5Cn-%20Updated%20FabrikamApiClient%20to%20add%20X-Tracking-Guid%20on%20all%20requests%20in%20Disabled%20mode%5Cn-%20Added%20Authentication__Mode%3DDisabled%20to%20deployment%20template%5Cn-%20Matches%20authentication%20pattern%20used%20by%20API%20and%20MCP%20server%5Cn%5CnThis%20allows%20dashboard%20to%20work%20with%20the%20workshop%27s%20Disabled%20authentication%20mode.%22%7D" method="POST" type="request" pid="839,1,29" Host="fabrikam-dash-development-tzjeje.scm.azurewebsites.net" User-Agent="GITHUBACTIONS_DeployWebAppToAzure_ff222c1818888211b99a37d44e9d1cdf389bec11b62e90e92e71032ee5564df7" Authorization="Bea..." Content-Type="application/octet-stream" Cookie="ARRAffinity=2b261bc217ca563c1dbab7acbf33b1bfe0d40640c43abfd5946eaec8d2ce0295;Path=/;HttpOnly;Secure;Domain=fabrikam-dash-development-tzjeje.scm.azurewebsites.net; ARRAffinitySameSite=2b261bc217ca563c1dbab7acbf33b1bfe0d40640c43abfd5946eaec8d2ce0295;Path=/;HttpOnly;SameSite=None;Secure;Domain=fabrikam-dash-development-tzjeje.scm.azurewebsites.net" Transfer-Encoding="chunked" X-ARR-LOG-ID="1b88d3d1-02cf-4f36-b87f-74b7873fcd26" CLIENT-IP="172.208.23.69:30720" X-SITE-DEPLOYMENT-ID="fabrikam-dash-development-tzjeje" WAS-DEFAULT-HOSTNAME="fabrikam-dash-development-tzjeje.scm.azurewebsites.net" X-Forwarded-Proto="https" X-AppService-Proto="https" X-Forwarded-TlsVersion="1.3" X-WAWS-Unencoded-URL="/api/publish?async=true&amp;deployer=GITHUB_ONE_DEPLOY&amp;type=zip&amp;message=%7B%22type%22%3A%22deployment%22%2C%22sha%22%3A%2230d6bda1eb5dc751d1e9e2a02b16e8ec9dcc862a%22%2C%22repoName%22%3A%22davebirr%2FFabrikam-Project%22%2C%22actor%22%3A%22davebirr%22%2C%22slotName%22%3A%22Production%22%2C%22commitMessage%22%3A%22feat%3A%20Add%20conditional%20authentication%20support%20to%20dashboard%20(Disabled%2FBearerToken%20modes)%5Cn%5Cn-%20Dashboard%20now%20respects%20Authentication%3AMode%20configuration%20setting%5Cn-%20Disabled%20mode%3A%20Uses%20X-Tracking-Guid%20header%20with%20dashboard%20service%20GUID%5Cn-%20BearerToken%20mode%3A%20Uses%20JWT%20authentication%20(existing%20implementation)%5Cn-%20Updated%20FabrikamApiClient%20to%20add%20X-Tracking-Guid%20on%20all%20requests%20in%20Disabled%20mode%5Cn-%20Added%20Authentication__Mode%3DDisabled%20to%20deployment%20template%5Cn-%20Matches%20authentication%20pattern%20used%20by%20API%20and%20MCP%20server%5Cn%5CnThis%20allows%20dashboard%20to%20work%20with%20the%20workshop%27s%20Disabled%20authentication%20mode.%22%7D" X-Client-IP="172.208.23.69" X-Client-Port="30720" >
  <step title="Cleanup Xml Logs" date="2025-11-05T20:50:40.607" /><!-- duration: 114ms -->
  <step title="OneDeploy" date="2025-11-05T20:50:51.917" >
    <step title="None repository commit" date="2025-11-05T20:50:53.430" >
      <step title="Commit id: 4e2d52e7-90e8-4a3c-b0e3-803a371eab1a" date="2025-11-05T20:50:53.664" Message="N/A" AuthorName="N/A" AuthorEmail="N/A" /><!-- duration: 56ms -->
    </step><!-- duration: 320ms -->
    <step title="Starting PushDeployAsync" date="2025-11-05T20:50:53.877" /><!-- duration: 20ms -->
    <step title="WEBSITE_RUN_FROM_PACKAGE is set to 1. Writing zip to SitePackagesPath" date="2025-11-05T20:50:55.518" /><!-- duration: 126ms -->
    <step title="Copying zip to SitePackages /home/data/SitePackages/20251105205052.zip from request body" date="2025-11-05T20:50:55.685" /><!-- duration: 114ms -->
    <step title="Writing multipart request body to /home/data/SitePackages/20251105205052.zip" date="2025-11-05T20:50:55.906" /><!-- duration: 39ms -->
    <step title="Deleting outdated zip file /home/data/SitePackages/20251105171852.zip" date="2025-11-05T20:51:06.926" /><!-- duration: 240ms -->
    <step title="Start deployment in the background" date="2025-11-05T20:51:08.053" >
      <step title="Acquiring Deployment Lock" date="2025-11-05T20:51:09.219" /><!-- duration: 214ms -->
      <step title="Acquired Deployment Lock" date="2025-11-05T20:51:11.335" /><!-- duration: 107ms -->
    </step><!-- duration: 6421ms -->
  </step><!-- duration: 23817ms -->
  <step title="Outgoing response" date="2025-11-05T20:51:16.758" type="response" statusCode="202" statusText="Accepted" /><!-- duration: 35ms -->
</step><!-- duration: 36388ms -->
