<step title="BackgroundTrace" date="2025-11-05T22:35:14.075" instance="2b261b" url="/api/publish" method="POST" >
  <step title="Creating temporary deployment - FetchDeploymentManager" date="2025-11-05T22:35:14.486" /><!-- duration: 3ms -->
  <step title="Creating temporary deployment" date="2025-11-05T22:35:14.498" /><!-- duration: 285ms -->
  <step title="Performing fetch based deployment" date="2025-11-05T22:35:15.210" >
    <step title="Deployment timer started" date="2025-11-05T22:35:18.652" >
      <step title="DeploymentManager.Deploy(id:6f40d00f-048b-44fa-8a66-a9bd65c57f6d)" date="2025-11-05T22:35:18.670" >
        <step title="Collecting changeset information" date="2025-11-05T22:35:18.772" /><!-- duration: 221ms -->
        <step title="Updating submodules" date="2025-11-05T22:35:18.997" /><!-- duration: 1198ms -->
        <step title="Determining deployment builder" date="2025-11-05T22:35:20.478" >
          <step title="Builder is RunFromZipSiteBuilder" date="2025-11-05T22:35:20.486" /><!-- duration: 3ms -->
        </step><!-- duration: 15ms -->
        <step title="PreDeployment: context.CleanOutputPath False" date="2025-11-05T22:35:20.547" >
          <step title="PreDeployment: context.OutputPath /home/site/wwwroot" date="2025-11-05T22:35:20.891" >
            <step title="Building" date="2025-11-05T22:35:21.295" >
              <step title="Modified file to trigger a restart of the app container." date="2025-11-05T22:35:22.125" /><!-- duration: 37ms -->
              <step title="Skip function trigger and logicapp sync because function is not enabled." date="2025-11-05T22:35:22.193" /><!-- duration: 11ms -->
              <step title="Purge deployment items" date="2025-11-05T22:35:25.925" >
                <step title="Remove f12a586a-, Success, received at 11/05/2025 17:22:52" date="2025-11-05T22:35:26.092" /><!-- duration: 10ms -->
              </step><!-- duration: 194ms -->
            </step><!-- duration: 4971ms -->
          </step><!-- duration: 5436ms -->
          <step title="Cleaning up temp files" date="2025-11-05T22:35:26.424" /><!-- duration: 130ms -->
          <step title="Cleaning up temp files" date="2025-11-05T22:35:26.581" /><!-- duration: 513ms -->
          <step title="Reloading status file with latest updates" date="2025-11-05T22:35:27.133" >
            <step title="WebHooksManager.PublishEventAsync: PostDeployment" date="2025-11-05T22:35:27.143" /><!-- duration: 352ms -->
          </step><!-- duration: 379ms -->
          <step title="Cleaning up temporary deployment - fetch deployment was successful" date="2025-11-05T22:35:27.521" /><!-- duration: 9ms -->
        </step><!-- duration: 7123ms -->
      </step><!-- duration: 9058ms -->
