<step title="Incoming Request" date="2025-11-05T22:35:11.873" instance="2b261b" url="/api/publish?async=true&amp;deployer=GITHUB_ONE_DEPLOY&amp;type=zip&amp;message=%7B%22type%22%3A%22deployment%22%2C%22sha%22%3A%220a49d0d472d7433f6da819164d72b5e2c1caf7cd%22%2C%22repoName%22%3A%22davebirr%2FFabrikam-Project%22%2C%22actor%22%3A%22davebirr%22%2C%22slotName%22%3A%22Production%22%2C%22commitMessage%22%3A%22feat%3A%20Add%20robust%20error%20handling%20and%20manual%20refresh%20to%20dashboard%5Cn%5Cn-%20Add%20connection%20status%20indicators%20(Live%2FReconnecting%2FDisconnected)%5Cn-%20Add%20loading%2Ferror%2Fsuccess%20states%20with%20visual%20feedback%5Cn-%20Add%20manual%20refresh%20button%20for%20user%20control%5Cn-%20Track%20consecutive%20empty%20data%20updates%20(max%203%20before%20showing%20error)%5Cn-%20Trigger%20immediate%20data%20fetch%20when%20client%20connects%5Cn-%20Support%20manual%20refresh%20requests%20via%20SignalR%5Cn-%20Validate%20received%20data%20(not%20all%20zeros)%20before%20displaying%5Cn-%20Improve%20UX%20with%20clear%20status%20messages%20and%20animations%5Cn-%20Add%20pulse%20animation%20for%20reconnecting%20state%5Cn-%20Keep%20existing%20data%20if%20new%20data%20is%20empty%20(prevents%20flickering)%5Cn%5CnThis%20makes%20the%20dashboard%20resilient%20to%3A%5Cn-%20API%20timeouts%20and%20failures%5Cn-%20Cold%20start%20delays%5Cn-%20Network%20issues%5Cn-%20Empty%20data%20responses%22%7D" method="POST" type="request" pid="839,1,24" Host="fabrikam-dash-development-tzjeje.scm.azurewebsites.net" User-Agent="GITHUBACTIONS_DeployWebAppToAzure_ff222c1818888211b99a37d44e9d1cdf389bec11b62e90e92e71032ee5564df7" Authorization="Bea..." Content-Type="application/octet-stream" Cookie="ARRAffinity=2b261bc217ca563c1dbab7acbf33b1bfe0d40640c43abfd5946eaec8d2ce0295;Path=/;HttpOnly;Secure;Domain=fabrikam-dash-development-tzjeje.scm.azurewebsites.net; ARRAffinitySameSite=2b261bc217ca563c1dbab7acbf33b1bfe0d40640c43abfd5946eaec8d2ce0295;Path=/;HttpOnly;SameSite=None;Secure;Domain=fabrikam-dash-development-tzjeje.scm.azurewebsites.net" Transfer-Encoding="chunked" X-ARR-LOG-ID="559c2a0a-24ae-4be3-a291-d8f197630800" CLIENT-IP="172.184.210.54:20544" X-SITE-DEPLOYMENT-ID="fabrikam-dash-development-tzjeje" WAS-DEFAULT-HOSTNAME="fabrikam-dash-development-tzjeje.scm.azurewebsites.net" X-Forwarded-Proto="https" X-AppService-Proto="https" X-Forwarded-TlsVersion="1.3" X-WAWS-Unencoded-URL="/api/publish?async=true&amp;deployer=GITHUB_ONE_DEPLOY&amp;type=zip&amp;message=%7B%22type%22%3A%22deployment%22%2C%22sha%22%3A%220a49d0d472d7433f6da819164d72b5e2c1caf7cd%22%2C%22repoName%22%3A%22davebirr%2FFabrikam-Project%22%2C%22actor%22%3A%22davebirr%22%2C%22slotName%22%3A%22Production%22%2C%22commitMessage%22%3A%22feat%3A%20Add%20robust%20error%20handling%20and%20manual%20refresh%20to%20dashboard%5Cn%5Cn-%20Add%20connection%20status%20indicators%20(Live%2FReconnecting%2FDisconnected)%5Cn-%20Add%20loading%2Ferror%2Fsuccess%20states%20with%20visual%20feedback%5Cn-%20Add%20manual%20refresh%20button%20for%20user%20control%5Cn-%20Track%20consecutive%20empty%20data%20updates%20(max%203%20before%20showing%20error)%5Cn-%20Trigger%20immediate%20data%20fetch%20when%20client%20connects%5Cn-%20Support%20manual%20refresh%20requests%20via%20SignalR%5Cn-%20Validate%20received%20data%20(not%20all%20zeros)%20before%20displaying%5Cn-%20Improve%20UX%20with%20clear%20status%20messages%20and%20animations%5Cn-%20Add%20pulse%20animation%20for%20reconnecting%20state%5Cn-%20Keep%20existing%20data%20if%20new%20data%20is%20empty%20(prevents%20flickering)%5Cn%5CnThis%20makes%20the%20dashboard%20resilient%20to%3A%5Cn-%20API%20timeouts%20and%20failures%5Cn-%20Cold%20start%20delays%5Cn-%20Network%20issues%5Cn-%20Empty%20data%20responses%22%7D" X-Client-IP="172.184.210.54" X-Client-Port="20544" >
  <step title="Cleanup Xml Logs" date="2025-11-05T22:35:11.884" /><!-- duration: 29ms -->
  <step title="OneDeploy" date="2025-11-05T22:35:12.467" >
    <step title="None repository commit" date="2025-11-05T22:35:12.482" >
      <step title="Commit id: 6f40d00f-048b-44fa-8a66-a9bd65c57f6d" date="2025-11-05T22:35:12.488" Message="N/A" AuthorName="N/A" AuthorEmail="N/A" /><!-- duration: 3ms -->
    </step><!-- duration: 23ms -->
    <step title="Starting PushDeployAsync" date="2025-11-05T22:35:12.509" /><!-- duration: 3ms -->
    <step title="WEBSITE_RUN_FROM_PACKAGE is set to 1. Writing zip to SitePackagesPath" date="2025-11-05T22:35:12.549" /><!-- duration: 18ms -->
    <step title="Copying zip to SitePackages /home/data/SitePackages/20251105223512.zip from request body" date="2025-11-05T22:35:12.578" /><!-- duration: 2ms -->
    <step title="Writing multipart request body to /home/data/SitePackages/20251105223512.zip" date="2025-11-05T22:35:12.597" /><!-- duration: 3ms -->
    <step title="Deleting outdated zip file /home/data/SitePackages/20251105211940.zip" date="2025-11-05T22:35:13.879" /><!-- duration: 66ms -->
    <step title="Start deployment in the background" date="2025-11-05T22:35:14.037" >
      <step title="Acquiring Deployment Lock" date="2025-11-05T22:35:14.241" /><!-- duration: 47ms -->
      <step title="Acquired Deployment Lock" date="2025-11-05T22:35:14.448" /><!-- duration: 11ms -->
    </step><!-- duration: 774ms -->
  </step><!-- duration: 2452ms -->
  <step title="Outgoing response" date="2025-11-05T22:35:15.033" type="response" statusCode="202" statusText="Accepted" /><!-- duration: 12ms -->
</step><!-- duration: 3192ms -->
