<step title="BackgroundTrace" date="2025-11-05T22:03:50.727" instance="2b261b" url="/api/publish" method="POST" >
  <step title="Cleanup Xml Logs" date="2025-11-05T22:03:51.304" /><!-- duration: 654ms -->
  <step title="Creating temporary deployment - FetchDeploymentManager" date="2025-11-05T22:03:54.829" /><!-- duration: 96ms -->
  <step title="Creating temporary deployment" date="2025-11-05T22:03:54.959" /><!-- duration: 2756ms -->
  <step title="Performing fetch based deployment" date="2025-11-05T22:03:58.885" >
    <step title="Deployment timer started" date="2025-11-05T22:04:06.929" >
      <step title="DeploymentManager.Deploy(id:b6a59d6b-f484-4d57-9273-f3b5256bede3)" date="2025-11-05T22:04:07.801" >
        <step title="Collecting changeset information" date="2025-11-05T22:04:08.989" /><!-- duration: 1908ms -->
        <step title="Updating submodules" date="2025-11-05T22:04:11.962" /><!-- duration: 3400ms -->
        <step title="Determining deployment builder" date="2025-11-05T22:04:22.086" >
          <step title="Builder is RunFromZipSiteBuilder" date="2025-11-05T22:04:22.648" /><!-- duration: 235ms -->
        </step><!-- duration: 984ms -->
        <step title="PreDeployment: context.CleanOutputPath False" date="2025-11-05T22:04:24.758" >
          <step title="PreDeployment: context.OutputPath /home/site/wwwroot" date="2025-11-05T22:04:28.577" >
            <step title="Building" date="2025-11-05T22:04:33.089" >
              <step title="Modified file to trigger a restart of the app container." date="2025-11-05T22:04:37.351" /><!-- duration: 18ms -->
              <step title="Skip function trigger and logicapp sync because function is not enabled." date="2025-11-05T22:04:37.493" /><!-- duration: 327ms -->
              <step title="Purge deployment items" date="2025-11-05T22:04:47.588" >
                <step title="Remove 36195ecf-, Success, received at 11/05/2025 17:07:01" date="2025-11-05T22:04:48.436" /><!-- duration: 47ms -->
              </step><!-- duration: 1151ms -->
            </step><!-- duration: 16376ms -->
          </step><!-- duration: 20959ms -->
          <step title="Cleaning up temp files" date="2025-11-05T22:04:49.566" /><!-- duration: 29ms -->
          <step title="Cleaning up temp files" date="2025-11-05T22:04:49.633" /><!-- duration: 646ms -->
          <step title="Reloading status file with latest updates" date="2025-11-05T22:04:50.436" >
            <step title="WebHooksManager.PublishEventAsync: PostDeployment" date="2025-11-05T22:04:50.468" /><!-- duration: 167ms -->
          </step><!-- duration: 324ms -->
          <step title="Cleaning up temporary deployment - fetch deployment was successful" date="2025-11-05T22:04:51.161" /><!-- duration: 89ms -->
        </step><!-- duration: 27190ms -->
      </step><!-- duration: 44364ms -->
