<step title="BackgroundTrace" date="2025-11-05T22:51:20.023" instance="2b261b" url="/api/publish" method="POST" >
  <step title="Cleanup Xml Logs" date="2025-11-05T22:51:20.043" /><!-- duration: 58ms -->
  <step title="Creating temporary deployment - FetchDeploymentManager" date="2025-11-05T22:51:20.584" /><!-- duration: 37ms -->
  <step title="Creating temporary deployment" date="2025-11-05T22:51:20.714" /><!-- duration: 287ms -->
  <step title="Performing fetch based deployment" date="2025-11-05T22:51:21.505" >
    <step title="Deployment timer started" date="2025-11-05T22:51:25.649" >
      <step title="DeploymentManager.Deploy(id:d8465ece-3cd3-4345-bca8-7d0f72b5f346)" date="2025-11-05T22:51:25.688" >
        <step title="Collecting changeset information" date="2025-11-05T22:51:25.824" /><!-- duration: 431ms -->
        <step title="Updating submodules" date="2025-11-05T22:51:26.394" /><!-- duration: 1409ms -->
        <step title="Determining deployment builder" date="2025-11-05T22:51:29.862" >
          <step title="Builder is RunFromZipSiteBuilder" date="2025-11-05T22:51:29.969" /><!-- duration: 69ms -->
        </step><!-- duration: 218ms -->
        <step title="PreDeployment: context.CleanOutputPath False" date="2025-11-05T22:51:31.019" >
          <step title="PreDeployment: context.OutputPath /home/site/wwwroot" date="2025-11-05T22:51:32.669" >
            <step title="Building" date="2025-11-05T22:51:40.559" >
              <step title="Modified file to trigger a restart of the app container." date="2025-11-05T22:51:55.757" /><!-- duration: 49ms -->
              <step title="Skip function trigger and logicapp sync because function is not enabled." date="2025-11-05T22:51:55.887" /><!-- duration: 98ms -->
              <step title="Purge deployment items" date="2025-11-05T22:52:06.418" >
                <step title="Remove 8f1d010f-, Success, received at 11/05/2025 18:05:03" date="2025-11-05T22:52:07.378" /><!-- duration: 310ms -->
              </step><!-- duration: 1518ms -->
            </step><!-- duration: 28959ms -->
          </step><!-- duration: 37003ms -->
          <step title="Cleaning up temp files" date="2025-11-05T22:52:09.701" /><!-- duration: 22ms -->
          <step title="Cleaning up temp files" date="2025-11-05T22:52:09.850" /><!-- duration: 744ms -->
          <step title="Reloading status file with latest updates" date="2025-11-05T22:52:10.874" >
            <step title="WebHooksManager.PublishEventAsync: PostDeployment" date="2025-11-05T22:52:10.904" /><!-- duration: 4628ms -->
          </step><!-- duration: 4706ms -->
          <step title="Cleaning up temporary deployment - fetch deployment was successful" date="2025-11-05T22:52:15.774" /><!-- duration: 50ms -->
        </step><!-- duration: 45191ms -->
      </step><!-- duration: 51267ms -->
