<step title="BackgroundTrace" date="2025-11-05T17:06:56.975" instance="2b261b" url="/api/zipdeploy" method="POST" >
  <step title="Cleanup Xml Logs" date="2025-11-05T17:06:56.993" /><!-- duration: 5ms -->
  <step title="Creating temporary deployment - FetchDeploymentManager" date="2025-11-05T17:06:57.150" /><!-- duration: 3ms -->
  <step title="Creating temporary deployment" date="2025-11-05T17:06:57.158" /><!-- duration: 91ms -->
  <step title="Performing fetch based deployment" date="2025-11-05T17:06:57.395" >
    <step title="Deployment timer started" date="2025-11-05T17:07:00.927" >
      <step title="DeploymentManager.Deploy(id:36195ecf-1491-4eb0-b4f5-2de21267f6d7)" date="2025-11-05T17:07:00.979" >
        <step title="Collecting changeset information" date="2025-11-05T17:07:01.042" /><!-- duration: 122ms -->
        <step title="Updating submodules" date="2025-11-05T17:07:01.170" /><!-- duration: 1249ms -->
        <step title="Determining deployment builder" date="2025-11-05T17:07:05.412" >
          <step title="Builder is RunFromZipSiteBuilder" date="2025-11-05T17:07:05.612" /><!-- duration: 188ms -->
        </step><!-- duration: 507ms -->
        <step title="PreDeployment: context.CleanOutputPath False" date="2025-11-05T17:07:06.492" >
          <step title="PreDeployment: context.OutputPath /home/site/wwwroot" date="2025-11-05T17:07:07.528" >
            <step title="Building" date="2025-11-05T17:07:09.075" >
              <step title="Triggering recycle (preview mode disabled)." date="2025-11-05T17:07:10.387" /><!-- duration: 44ms -->
              <step title="Modified file to trigger a restart of the app container." date="2025-11-05T17:07:10.687" /><!-- duration: 32ms -->
              <step title="Skip function trigger and logicapp sync because function is not enabled." date="2025-11-05T17:07:10.806" /><!-- duration: 37ms -->
            </step><!-- duration: 4855ms -->
          </step><!-- duration: 6436ms -->
          <step title="Cleaning up temp files" date="2025-11-05T17:07:13.977" /><!-- duration: 68ms -->
          <step title="Cleaning up temp files" date="2025-11-05T17:07:14.073" /><!-- duration: 516ms -->
          <step title="Reloading status file with latest updates" date="2025-11-05T17:07:14.908" >
            <step title="WebHooksManager.PublishEventAsync: PostDeployment" date="2025-11-05T17:07:14.997" /><!-- duration: 1502ms -->
          </step><!-- duration: 1636ms -->
          <step title="Cleaning up temporary deployment - fetch deployment was successful" date="2025-11-05T17:07:16.575" /><!-- duration: 11ms -->
        </step><!-- duration: 10276ms -->
      </step><!-- duration: 16012ms -->
