<step title="Incoming Request" date="2025-11-05T22:18:47.465" instance="2b261b" url="/api/publish?async=true&amp;deployer=GITHUB_ONE_DEPLOY&amp;type=zip&amp;message=%7B%22type%22%3A%22deployment%22%2C%22sha%22%3A%2241261ade57c7f3b0e250b20293f58baa77aee955%22%2C%22repoName%22%3A%22davebirr%2FFabrikam-Project%22%2C%22actor%22%3A%22davebirr%22%2C%22slotName%22%3A%22Production%22%2C%22commitMessage%22%3A%22fix%3A%20Add%20explicit%20app%20restart%20step%20to%20dashboard%20deployment%20workflow%5Cn%5Cn-%20Ensures%20app%20picks%20up%20new%20code%20after%20deployment%5Cn-%20Prevents%20stale%20deployment%20issues%5Cn-%20Uses%20az%20webapp%20restart%20command%20after%20webapps-deploy%20action%22%7D" method="POST" type="request" pid="843,1,29" Host="fabrikam-dash-development-tzjeje.scm.azurewebsites.net" User-Agent="GITHUBACTIONS_DeployWebAppToAzure_ff222c1818888211b99a37d44e9d1cdf389bec11b62e90e92e71032ee5564df7" Authorization="Bea..." Content-Type="application/octet-stream" Cookie="ARRAffinity=2b261bc217ca563c1dbab7acbf33b1bfe0d40640c43abfd5946eaec8d2ce0295;Path=/;HttpOnly;Secure;Domain=fabrikam-dash-development-tzjeje.scm.azurewebsites.net; ARRAffinitySameSite=2b261bc217ca563c1dbab7acbf33b1bfe0d40640c43abfd5946eaec8d2ce0295;Path=/;HttpOnly;SameSite=None;Secure;Domain=fabrikam-dash-development-tzjeje.scm.azurewebsites.net" Transfer-Encoding="chunked" X-ARR-LOG-ID="906cb17c-c5cf-4727-97d8-1ff596a20281" CLIENT-IP="172.184.211.70:60480" X-SITE-DEPLOYMENT-ID="fabrikam-dash-development-tzjeje" WAS-DEFAULT-HOSTNAME="fabrikam-dash-development-tzjeje.scm.azurewebsites.net" X-Forwarded-Proto="https" X-AppService-Proto="https" X-Forwarded-TlsVersion="1.3" X-WAWS-Unencoded-URL="/api/publish?async=true&amp;deployer=GITHUB_ONE_DEPLOY&amp;type=zip&amp;message=%7B%22type%22%3A%22deployment%22%2C%22sha%22%3A%2241261ade57c7f3b0e250b20293f58baa77aee955%22%2C%22repoName%22%3A%22davebirr%2FFabrikam-Project%22%2C%22actor%22%3A%22davebirr%22%2C%22slotName%22%3A%22Production%22%2C%22commitMessage%22%3A%22fix%3A%20Add%20explicit%20app%20restart%20step%20to%20dashboard%20deployment%20workflow%5Cn%5Cn-%20Ensures%20app%20picks%20up%20new%20code%20after%20deployment%5Cn-%20Prevents%20stale%20deployment%20issues%5Cn-%20Uses%20az%20webapp%20restart%20command%20after%20webapps-deploy%20action%22%7D" X-Client-IP="172.184.211.70" X-Client-Port="60480" >
  <step title="Cleanup Xml Logs" date="2025-11-05T22:18:48.112" /><!-- duration: 146ms -->
  <step title="OneDeploy" date="2025-11-05T22:18:48.841" >
    <step title="Starting PushDeployAsync" date="2025-11-05T22:18:49.097" /><!-- duration: 22ms -->
    <step title="WEBSITE_RUN_FROM_PACKAGE is set to 1. Writing zip to SitePackagesPath" date="2025-11-05T22:18:49.244" /><!-- duration: 68ms -->
    <step title="Copying zip to SitePackages /home/data/SitePackages/20251105221848.zip from request body" date="2025-11-05T22:18:49.360" /><!-- duration: 19ms -->
    <step title="Writing multipart request body to /home/data/SitePackages/20251105221848.zip" date="2025-11-05T22:18:49.515" /><!-- duration: 72ms -->
    <step title="Deleting outdated zip file /home/data/SitePackages/20251105205812.zip" date="2025-11-05T22:18:57.737" /><!-- duration: 141ms -->
    <step title="Start deployment in the background" date="2025-11-05T22:18:58.775" >
      <step title="Acquiring Deployment Lock" date="2025-11-05T22:19:01.940" /><!-- duration: 197ms -->
      <step title="Acquired Deployment Lock" date="2025-11-05T22:19:03.460" /><!-- duration: 88ms -->
    </step><!-- duration: 11852ms -->
  </step><!-- duration: 22407ms -->
  <step title="Outgoing response" date="2025-11-05T22:19:11.951" type="response" statusCode="202" statusText="Accepted" /><!-- duration: 185ms -->
</step><!-- duration: 25820ms -->
