<step title="Incoming Request" date="2025-11-05T22:51:10.239" instance="2b261b" url="/api/publish?async=true&amp;deployer=GITHUB_ONE_DEPLOY&amp;type=zip&amp;message=%7B%22type%22%3A%22deployment%22%2C%22sha%22%3A%22f8bb36d876ed3a44081e3255eee3a265ec429f93%22%2C%22repoName%22%3A%22davebirr%2FFabrikam-Project%22%2C%22actor%22%3A%22davebirr%22%2C%22slotName%22%3A%22Production%22%2C%22commitMessage%22%3A%22fix%3A%20Remove%20System.Threading.Timer%20that%20caused%20startup%20crash%5Cn%5CnThe%20timer%20was%20causing%20the%20Blazor%20Server%20app%20to%20crash%20on%20startup.%5CnReplaced%20with%20inline%20calculation%20of%20elapsed%20time%20in%20the%20Razor%20view.%5CnThis%20is%20simpler%20and%20avoids%20threading%20issues%20with%20Blazor%27s%20SynchronizationContext.%5Cn%5CnFixes%20application%20error%20on%20Azure%20App%20Service%20startup.%22%7D" method="POST" type="request" pid="835,1,16" Host="fabrikam-dash-development-tzjeje.scm.azurewebsites.net" User-Agent="GITHUBACTIONS_DeployWebAppToAzure_ff222c1818888211b99a37d44e9d1cdf389bec11b62e90e92e71032ee5564df7" Authorization="Bea..." Content-Type="application/octet-stream" Cookie="ARRAffinity=2b261bc217ca563c1dbab7acbf33b1bfe0d40640c43abfd5946eaec8d2ce0295;Path=/;HttpOnly;Secure;Domain=fabrikam-dash-development-tzjeje.scm.azurewebsites.net; ARRAffinitySameSite=2b261bc217ca563c1dbab7acbf33b1bfe0d40640c43abfd5946eaec8d2ce0295;Path=/;HttpOnly;SameSite=None;Secure;Domain=fabrikam-dash-development-tzjeje.scm.azurewebsites.net" Transfer-Encoding="chunked" X-ARR-LOG-ID="76566fff-c0fb-4b09-afed-0bdf3e52d41f" CLIENT-IP="172.215.217.240:46080" X-SITE-DEPLOYMENT-ID="fabrikam-dash-development-tzjeje" WAS-DEFAULT-HOSTNAME="fabrikam-dash-development-tzjeje.scm.azurewebsites.net" X-Forwarded-Proto="https" X-AppService-Proto="https" X-Forwarded-TlsVersion="1.3" X-WAWS-Unencoded-URL="/api/publish?async=true&amp;deployer=GITHUB_ONE_DEPLOY&amp;type=zip&amp;message=%7B%22type%22%3A%22deployment%22%2C%22sha%22%3A%22f8bb36d876ed3a44081e3255eee3a265ec429f93%22%2C%22repoName%22%3A%22davebirr%2FFabrikam-Project%22%2C%22actor%22%3A%22davebirr%22%2C%22slotName%22%3A%22Production%22%2C%22commitMessage%22%3A%22fix%3A%20Remove%20System.Threading.Timer%20that%20caused%20startup%20crash%5Cn%5CnThe%20timer%20was%20causing%20the%20Blazor%20Server%20app%20to%20crash%20on%20startup.%5CnReplaced%20with%20inline%20calculation%20of%20elapsed%20time%20in%20the%20Razor%20view.%5CnThis%20is%20simpler%20and%20avoids%20threading%20issues%20with%20Blazor%27s%20SynchronizationContext.%5Cn%5CnFixes%20application%20error%20on%20Azure%20App%20Service%20startup.%22%7D" X-Client-IP="172.215.217.240" X-Client-Port="46080" >
  <step title="OneDeploy" date="2025-11-05T22:51:13.310" >
    <step title="None repository commit" date="2025-11-05T22:51:14.021" >
      <step title="Commit id: d8465ece-3cd3-4345-bca8-7d0f72b5f346" date="2025-11-05T22:51:14.100" Message="N/A" AuthorName="N/A" AuthorEmail="N/A" /><!-- duration: 106ms -->
    </step><!-- duration: 216ms -->
    <step title="Starting PushDeployAsync" date="2025-11-05T22:51:14.266" /><!-- duration: 87ms -->
    <step title="WEBSITE_RUN_FROM_PACKAGE is set to 1. Writing zip to SitePackagesPath" date="2025-11-05T22:51:14.986" /><!-- duration: 21ms -->
    <step title="Copying zip to SitePackages /home/data/SitePackages/20251105225113.zip from request body" date="2025-11-05T22:51:15.140" /><!-- duration: 80ms -->
    <step title="Writing multipart request body to /home/data/SitePackages/20251105225113.zip" date="2025-11-05T22:51:15.446" /><!-- duration: 107ms -->
    <step title="Deleting outdated zip file /home/data/SitePackages/20251105220156.zip" date="2025-11-05T22:51:19.688" /><!-- duration: 39ms -->
    <step title="Start deployment in the background" date="2025-11-05T22:51:20.004" >
      <step title="Acquiring Deployment Lock" date="2025-11-05T22:51:20.217" /><!-- duration: 40ms -->
      <step title="Acquired Deployment Lock" date="2025-11-05T22:51:20.545" /><!-- duration: 30ms -->
    </step><!-- duration: 1060ms -->
  </step><!-- duration: 7852ms -->
  <step title="Outgoing response" date="2025-11-05T22:51:21.377" type="response" statusCode="202" statusText="Accepted" /><!-- duration: 22ms -->
</step><!-- duration: 11169ms -->
