<step title="BackgroundTrace" date="2025-11-05T20:58:21.295" instance="2b261b" url="/api/publish" method="POST" >
  <step title="Cleanup Xml Logs" date="2025-11-05T20:58:21.341" /><!-- duration: 214ms -->
  <step title="Creating temporary deployment - FetchDeploymentManager" date="2025-11-05T20:58:22.928" /><!-- duration: 19ms -->
  <step title="Creating temporary deployment" date="2025-11-05T20:58:23.004" /><!-- duration: 902ms -->
  <step title="Performing fetch based deployment" date="2025-11-05T20:58:25.995" >
    <step title="Deployment timer started" date="2025-11-05T20:58:32.274" >
      <step title="DeploymentManager.Deploy(id:14cfb8e1-f609-4c4d-8755-455942f51ab7)" date="2025-11-05T20:58:32.365" >
        <step title="Collecting changeset information" date="2025-11-05T20:58:32.662" /><!-- duration: 693ms -->
        <step title="Updating submodules" date="2025-11-05T20:58:33.523" /><!-- duration: 2185ms -->
        <step title="Determining deployment builder" date="2025-11-05T20:58:37.605" >
          <step title="Builder is RunFromZipSiteBuilder" date="2025-11-05T20:58:37.983" /><!-- duration: 47ms -->
        </step><!-- duration: 548ms -->
        <step title="PreDeployment: context.CleanOutputPath False" date="2025-11-05T20:58:38.646" >
          <step title="PreDeployment: context.OutputPath /home/site/wwwroot" date="2025-11-05T20:58:39.389" >
            <step title="Building" date="2025-11-05T20:58:40.478" >
              <step title="Modified file to trigger a restart of the app container." date="2025-11-05T20:58:42.715" /><!-- duration: 21ms -->
              <step title="Skip function trigger and logicapp sync because function is not enabled." date="2025-11-05T20:58:42.758" /><!-- duration: 18ms -->
              <step title="Purge deployment items" date="2025-11-05T20:58:46.804" >
                <step title="Remove temp-45e7, Failed, received at 11/05/2025 20:51:11" date="2025-11-05T20:58:47.582" /><!-- duration: 20ms -->
              </step><!-- duration: 866ms -->
            </step><!-- duration: 7703ms -->
          </step><!-- duration: 8944ms -->
          <step title="Cleaning up temp files" date="2025-11-05T20:58:48.353" /><!-- duration: 120ms -->
          <step title="Cleaning up temp files" date="2025-11-05T20:58:48.532" /><!-- duration: 644ms -->
          <step title="Reloading status file with latest updates" date="2025-11-05T20:58:50.282" >
            <step title="WebHooksManager.PublishEventAsync: PostDeployment" date="2025-11-05T20:58:50.319" /><!-- duration: 1154ms -->
          </step><!-- duration: 1211ms -->
          <step title="Cleaning up temporary deployment - fetch deployment was successful" date="2025-11-05T20:58:51.580" /><!-- duration: 17ms -->
        </step><!-- duration: 13503ms -->
      </step><!-- duration: 19887ms -->
