<step title="BackgroundTrace" date="2025-11-05T22:18:59.203" instance="2b261b" url="/api/publish" method="POST" >
  <step title="Cleanup Xml Logs" date="2025-11-05T22:18:59.430" /><!-- duration: 1711ms -->
  <step title="Creating temporary deployment - FetchDeploymentManager" date="2025-11-05T22:19:04.248" /><!-- duration: 329ms -->
  <step title="Creating temporary deployment" date="2025-11-05T22:19:05.183" /><!-- duration: 5415ms -->
  <step title="Performing fetch based deployment" date="2025-11-05T22:19:14.737" >
    <step title="Deployment timer started" date="2025-11-05T22:19:30.828" >
      <step title="DeploymentManager.Deploy(id:0a4df73b-450d-4947-8602-79825a4055af)" date="2025-11-05T22:19:30.993" >
        <step title="Collecting changeset information" date="2025-11-05T22:19:31.845" /><!-- duration: 4163ms -->
        <step title="Updating submodules" date="2025-11-05T22:19:36.284" /><!-- duration: 3157ms -->
        <step title="Determining deployment builder" date="2025-11-05T22:19:42.479" >
          <step title="Builder is RunFromZipSiteBuilder" date="2025-11-05T22:19:42.656" /><!-- duration: 50ms -->
        </step><!-- duration: 362ms -->
        <step title="PreDeployment: context.CleanOutputPath False" date="2025-11-05T22:19:43.947" >
          <step title="PreDeployment: context.OutputPath /home/site/wwwroot" date="2025-11-05T22:19:45.439" >
            <step title="Building" date="2025-11-05T22:19:50.181" >
              <step title="Modified file to trigger a restart of the app container." date="2025-11-05T22:19:55.800" /><!-- duration: 88ms -->
              <step title="Skip function trigger and logicapp sync because function is not enabled." date="2025-11-05T22:19:55.976" /><!-- duration: 37ms -->
              <step title="Purge deployment items" date="2025-11-05T22:20:24.936" >
                <step title="Remove 6c208bdd-, Success, received at 11/05/2025 17:18:58" date="2025-11-05T22:20:29.249" /><!-- duration: 226ms -->
              </step><!-- duration: 4619ms -->
            </step><!-- duration: 40477ms -->
          </step><!-- duration: 45458ms -->
          <step title="Cleaning up temp files" date="2025-11-05T22:20:30.974" /><!-- duration: 107ms -->
          <step title="Cleaning up temp files" date="2025-11-05T22:20:31.238" /><!-- duration: 876ms -->
          <step title="Reloading status file with latest updates" date="2025-11-05T22:20:32.980" >
            <step title="WebHooksManager.PublishEventAsync: PostDeployment" date="2025-11-05T22:20:33.945" /><!-- duration: 1112ms -->
          </step><!-- duration: 2275ms -->
          <step title="Cleaning up temporary deployment - fetch deployment was successful" date="2025-11-05T22:20:36.002" /><!-- duration: 407ms -->
        </step><!-- duration: 54125ms -->
      </step><!-- duration: 68275ms -->
