<step title="Incoming Request" date="2025-11-05T17:52:29.036" instance="2b261b" url="/api/publish?async=true&amp;deployer=GITHUB_ONE_DEPLOY&amp;type=zip&amp;message=%7B%22type%22%3A%22deployment%22%2C%22sha%22%3A%222c173d6292ee15292c6386d9bd2c589f03d2ae13%22%2C%22repoName%22%3A%22davebirr%2FFabrikam-Project%22%2C%22actor%22%3A%22davebirr%22%2C%22slotName%22%3A%22Production%22%2C%22commitMessage%22%3A%22perf%3A%20Update%20ARM%20templates%20to%20default%20to%20S1%20tier%20for%20AlwaysOn%20support%5Cn%5Cn-%20Changed%20default%20SKU%20from%20B1%20to%20S1%20in%20both%20main%20and%20incremental%20templates%5Cn-%20Added%20dynamic%20tier%20calculation%20based%20on%20SKU%20(B*%20%3D%20Basic%2C%20S*%20%3D%20Standard)%5Cn-%20Updated%20parameter%20descriptions%20to%20recommend%20S1%2B%20for%20AlwaysOn%5Cn-%20Eliminates%20cold%20start%20issues%20for%20new%20deployments%5Cn%5CnPerformance%20impact%3A%5Cn-%20B1%20tier%3A%201-3%20minute%20cold%20starts%20after%20inactivity%5Cn-%20S1%20tier%3A%20Instant%20loading%20with%20AlwaysOn%20enabled%5Cn-%20Cost%3A%20~%2Fmonth%20vs%20~%2Fmonth%20(acceptable%20for%20workshop%20quality)%22%7D" method="POST" type="request" pid="841,1,23" Host="fabrikam-dash-development-tzjeje.scm.azurewebsites.net" User-Agent="GITHUBACTIONS_DeployWebAppToAzure_ff222c1818888211b99a37d44e9d1cdf389bec11b62e90e92e71032ee5564df7" Authorization="Bea..." Content-Type="application/octet-stream" Cookie="ARRAffinity=2b261bc217ca563c1dbab7acbf33b1bfe0d40640c43abfd5946eaec8d2ce0295;Path=/;HttpOnly;Secure;Domain=fabrikam-dash-development-tzjeje.scm.azurewebsites.net; ARRAffinitySameSite=2b261bc217ca563c1dbab7acbf33b1bfe0d40640c43abfd5946eaec8d2ce0295;Path=/;HttpOnly;SameSite=None;Secure;Domain=fabrikam-dash-development-tzjeje.scm.azurewebsites.net" Transfer-Encoding="chunked" X-ARR-LOG-ID="459412ad-9cea-4250-b574-e4ebc56bcbdb" CLIENT-IP="20.55.87.150:21552" X-SITE-DEPLOYMENT-ID="fabrikam-dash-development-tzjeje" WAS-DEFAULT-HOSTNAME="fabrikam-dash-development-tzjeje.scm.azurewebsites.net" X-Forwarded-Proto="https" X-AppService-Proto="https" X-Forwarded-TlsVersion="1.3" X-WAWS-Unencoded-URL="/api/publish?async=true&amp;deployer=GITHUB_ONE_DEPLOY&amp;type=zip&amp;message=%7B%22type%22%3A%22deployment%22%2C%22sha%22%3A%222c173d6292ee15292c6386d9bd2c589f03d2ae13%22%2C%22repoName%22%3A%22davebirr%2FFabrikam-Project%22%2C%22actor%22%3A%22davebirr%22%2C%22slotName%22%3A%22Production%22%2C%22commitMessage%22%3A%22perf%3A%20Update%20ARM%20templates%20to%20default%20to%20S1%20tier%20for%20AlwaysOn%20support%5Cn%5Cn-%20Changed%20default%20SKU%20from%20B1%20to%20S1%20in%20both%20main%20and%20incremental%20templates%5Cn-%20Added%20dynamic%20tier%20calculation%20based%20on%20SKU%20(B*%20%3D%20Basic%2C%20S*%20%3D%20Standard)%5Cn-%20Updated%20parameter%20descriptions%20to%20recommend%20S1%2B%20for%20AlwaysOn%5Cn-%20Eliminates%20cold%20start%20issues%20for%20new%20deployments%5Cn%5CnPerformance%20impact%3A%5Cn-%20B1%20tier%3A%201-3%20minute%20cold%20starts%20after%20inactivity%5Cn-%20S1%20tier%3A%20Instant%20loading%20with%20AlwaysOn%20enabled%5Cn-%20Cost%3A%20~%2Fmonth%20vs%20~%2Fmonth%20(acceptable%20for%20workshop%20quality)%22%7D" X-Client-IP="20.55.87.150" X-Client-Port="21552" >
  <step title="Cleanup Xml Logs" date="2025-11-05T17:52:29.085" /><!-- duration: 32ms -->
  <step title="OneDeploy" date="2025-11-05T17:52:30.326" >
    <step title="None repository commit" date="2025-11-05T17:52:30.756" >
      <step title="Commit id: acf2dce7-08c6-4993-8c27-53ab9677efc8" date="2025-11-05T17:52:30.788" Message="N/A" AuthorName="N/A" AuthorEmail="N/A" /><!-- duration: 10ms -->
    </step><!-- duration: 61ms -->
    <step title="Starting PushDeployAsync" date="2025-11-05T17:52:30.874" /><!-- duration: 21ms -->
    <step title="WEBSITE_RUN_FROM_PACKAGE is set to 1. Writing zip to SitePackagesPath" date="2025-11-05T17:52:31.020" /><!-- duration: 19ms -->
    <step title="Copying zip to SitePackages /home/data/SitePackages/20251105175230.zip from request body" date="2025-11-05T17:52:31.297" /><!-- duration: 20ms -->
    <step title="Writing multipart request body to /home/data/SitePackages/20251105175230.zip" date="2025-11-05T17:52:31.518" /><!-- duration: 172ms -->
    <step title="Start deployment in the background" date="2025-11-05T17:52:39.533" >
      <step title="Acquiring Deployment Lock" date="2025-11-05T17:52:40.662" /><!-- duration: 30ms -->
      <step title="Acquired Deployment Lock" date="2025-11-05T17:52:41.624" /><!-- duration: 78ms -->
    </step><!-- duration: 3151ms -->
  </step><!-- duration: 12570ms -->
  <step title="Outgoing response" date="2025-11-05T17:52:43.115" type="response" statusCode="202" statusText="Accepted" /><!-- duration: 17ms -->
</step><!-- duration: 14106ms -->
