<step title="BackgroundTrace" date="2025-11-05T22:02:01.259" instance="2b261b" url="/api/publish" method="POST" >
  <step title="Cleanup Xml Logs" date="2025-11-05T22:02:01.307" /><!-- duration: 291ms -->
  <step title="Creating temporary deployment - FetchDeploymentManager" date="2025-11-05T22:02:04.099" /><!-- duration: 161ms -->
  <step title="Creating temporary deployment" date="2025-11-05T22:02:04.358" /><!-- duration: 1491ms -->
  <step title="Performing fetch based deployment" date="2025-11-05T22:02:07.747" >
    <step title="Deployment timer started" date="2025-11-05T22:02:12.762" >
      <step title="DeploymentManager.Deploy(id:1b6fad58-a33a-47ab-8c63-aed9d5c294dc)" date="2025-11-05T22:02:12.890" >
        <step title="Collecting changeset information" date="2025-11-05T22:02:13.054" /><!-- duration: 964ms -->
        <step title="Updating submodules" date="2025-11-05T22:02:14.181" /><!-- duration: 1950ms -->
        <step title="Determining deployment builder" date="2025-11-05T22:02:17.005" >
          <step title="Builder is RunFromZipSiteBuilder" date="2025-11-05T22:02:17.046" /><!-- duration: 18ms -->
        </step><!-- duration: 80ms -->
        <step title="PreDeployment: context.CleanOutputPath False" date="2025-11-05T22:02:17.784" >
          <step title="PreDeployment: context.OutputPath /home/site/wwwroot" date="2025-11-05T22:02:21.741" >
            <step title="Building" date="2025-11-05T22:02:22.659" >
              <step title="Modified file to trigger a restart of the app container." date="2025-11-05T22:02:26.117" /><!-- duration: 469ms -->
              <step title="Skip function trigger and logicapp sync because function is not enabled." date="2025-11-05T22:02:27.173" /><!-- duration: 226ms -->
            </step><!-- duration: 12665ms -->
          </step><!-- duration: 13620ms -->
          <step title="Cleaning up temp files" date="2025-11-05T22:02:35.371" /><!-- duration: 21ms -->
          <step title="Cleaning up temp files" date="2025-11-05T22:02:35.441" /><!-- duration: 838ms -->
          <step title="Reloading status file with latest updates" date="2025-11-05T22:02:36.521" >
            <step title="WebHooksManager.PublishEventAsync: PostDeployment" date="2025-11-05T22:02:36.562" /><!-- duration: 715ms -->
          </step><!-- duration: 814ms -->
          <step title="Cleaning up temporary deployment - fetch deployment was successful" date="2025-11-05T22:02:37.368" /><!-- duration: 37ms -->
        </step><!-- duration: 20353ms -->
      </step><!-- duration: 25473ms -->
