<step title="Incoming Request" date="2025-11-05T22:40:54.857" instance="2b261b" url="/api/publish?async=true&amp;deployer=GITHUB_ONE_DEPLOY&amp;type=zip&amp;message=%7B%22type%22%3A%22deployment%22%2C%22sha%22%3A%22adb3bbebce7c944cc71bc616fc2e4a355b859278%22%2C%22repoName%22%3A%22davebirr%2FFabrikam-Project%22%2C%22actor%22%3A%22davebirr%22%2C%22slotName%22%3A%22Production%22%2C%22commitMessage%22%3A%22feat%3A%20Add%20loading%20timer%20and%20enable%20Always%20On%5Cn%5Cn-%20Show%20elapsed%20time%20during%20initial%20load%20(updates%20every%20second)%5Cn-%20Add%20pulsing%20animation%20to%20loading%20indicator%5Cn-%20Enable%20Azure%20Always%20On%20to%20prevent%20cold%20starts%5Cn-%20Stop%20timer%20once%20data%20is%20received%5Cn%5CnThis%20provides%20transparency%20during%20initial%20cold%20start%20delays.%22%7D" method="POST" type="request" pid="851,1,17" Host="fabrikam-dash-development-tzjeje.scm.azurewebsites.net" User-Agent="GITHUBACTIONS_DeployWebAppToAzure_ff222c1818888211b99a37d44e9d1cdf389bec11b62e90e92e71032ee5564df7" Authorization="Bea..." Content-Type="application/octet-stream" Cookie="ARRAffinity=2b261bc217ca563c1dbab7acbf33b1bfe0d40640c43abfd5946eaec8d2ce0295;Path=/;HttpOnly;Secure;Domain=fabrikam-dash-development-tzjeje.scm.azurewebsites.net; ARRAffinitySameSite=2b261bc217ca563c1dbab7acbf33b1bfe0d40640c43abfd5946eaec8d2ce0295;Path=/;HttpOnly;SameSite=None;Secure;Domain=fabrikam-dash-development-tzjeje.scm.azurewebsites.net" Transfer-Encoding="chunked" X-ARR-LOG-ID="da3364f6-b431-4af2-b74d-3e0f62127e20" CLIENT-IP="172.208.125.194:21520" X-SITE-DEPLOYMENT-ID="fabrikam-dash-development-tzjeje" WAS-DEFAULT-HOSTNAME="fabrikam-dash-development-tzjeje.scm.azurewebsites.net" X-Forwarded-Proto="https" X-AppService-Proto="https" X-Forwarded-TlsVersion="1.3" X-WAWS-Unencoded-URL="/api/publish?async=true&amp;deployer=GITHUB_ONE_DEPLOY&amp;type=zip&amp;message=%7B%22type%22%3A%22deployment%22%2C%22sha%22%3A%22adb3bbebce7c944cc71bc616fc2e4a355b859278%22%2C%22repoName%22%3A%22davebirr%2FFabrikam-Project%22%2C%22actor%22%3A%22davebirr%22%2C%22slotName%22%3A%22Production%22%2C%22commitMessage%22%3A%22feat%3A%20Add%20loading%20timer%20and%20enable%20Always%20On%5Cn%5Cn-%20Show%20elapsed%20time%20during%20initial%20load%20(updates%20every%20second)%5Cn-%20Add%20pulsing%20animation%20to%20loading%20indicator%5Cn-%20Enable%20Azure%20Always%20On%20to%20prevent%20cold%20starts%5Cn-%20Stop%20timer%20once%20data%20is%20received%5Cn%5CnThis%20provides%20transparency%20during%20initial%20cold%20start%20delays.%22%7D" X-Client-IP="172.208.125.194" X-Client-Port="21520" >
  <step title="Cleanup Xml Logs" date="2025-11-05T22:40:54.866" /><!-- duration: 29ms -->
  <step title="OneDeploy" date="2025-11-05T22:40:56.120" >
    <step title="None repository commit" date="2025-11-05T22:40:56.233" >
      <step title="Commit id: b44ec792-0600-4553-a000-cd8d458ba6a3" date="2025-11-05T22:40:56.263" Message="N/A" AuthorName="N/A" AuthorEmail="N/A" /><!-- duration: 28ms -->
    </step><!-- duration: 89ms -->
    <step title="Starting PushDeployAsync" date="2025-11-05T22:40:56.390" /><!-- duration: 17ms -->
    <step title="WEBSITE_RUN_FROM_PACKAGE is set to 1. Writing zip to SitePackagesPath" date="2025-11-05T22:40:56.468" /><!-- duration: 19ms -->
    <step title="Copying zip to SitePackages /home/data/SitePackages/20251105224056.zip from request body" date="2025-11-05T22:40:56.534" /><!-- duration: 30ms -->
    <step title="Writing multipart request body to /home/data/SitePackages/20251105224056.zip" date="2025-11-05T22:40:56.672" /><!-- duration: 22ms -->
    <step title="Deleting outdated zip file /home/data/SitePackages/20251105213449.zip" date="2025-11-05T22:41:03.219" /><!-- duration: 478ms -->
    <step title="Start deployment in the background" date="2025-11-05T22:41:04.649" >
      <step title="Acquiring Deployment Lock" date="2025-11-05T22:41:05.635" /><!-- duration: 48ms -->
      <step title="Acquired Deployment Lock" date="2025-11-05T22:41:06.625" /><!-- duration: 30ms -->
    </step><!-- duration: 2728ms -->
  </step><!-- duration: 11432ms -->
  <step title="Outgoing response" date="2025-11-05T22:41:07.937" type="response" statusCode="202" statusText="Accepted" /><!-- duration: 147ms -->
</step><!-- duration: 13333ms -->
