<step title="Incoming Request" date="2025-11-05T21:34:47.438" instance="2b261b" url="/api/publish?async=true&amp;deployer=GITHUB_ONE_DEPLOY&amp;type=zip&amp;message=%7B%22type%22%3A%22deployment%22%2C%22sha%22%3A%22829d9ba29e3557a00bcceb4485bb6142436deb38%22%2C%22repoName%22%3A%22davebirr%2FFabrikam-Project%22%2C%22actor%22%3A%22davebirr%22%2C%22slotName%22%3A%22Production%22%2C%22commitMessage%22%3A%22fix%3A%20Add%20console%20logging%20to%20diagnose%20X-Tracking-Guid%20header%20issue%5Cn%5Cn-%20Add%20Console.WriteLine%20statements%20to%20see%20if%20header%20is%20being%20added%5Cn-%20Improve%20error%20logging%20to%20show%20HTTP%20status%20codes%20and%20response%20content%5Cn-%20Change%20from%20LogDebug%20to%20LogInformation%20for%20visibility%5Cn-%20This%20will%20help%20diagnose%20why%20dashboard%20shows%20no%20data%22%7D" method="POST" type="request" pid="843,1,23" Host="fabrikam-dash-development-tzjeje.scm.azurewebsites.net" User-Agent="GITHUBACTIONS_DeployWebAppToAzure_ff222c1818888211b99a37d44e9d1cdf389bec11b62e90e92e71032ee5564df7" Authorization="Bea..." Content-Type="application/octet-stream" Cookie="ARRAffinity=2b261bc217ca563c1dbab7acbf33b1bfe0d40640c43abfd5946eaec8d2ce0295;Path=/;HttpOnly;Secure;Domain=fabrikam-dash-development-tzjeje.scm.azurewebsites.net; ARRAffinitySameSite=2b261bc217ca563c1dbab7acbf33b1bfe0d40640c43abfd5946eaec8d2ce0295;Path=/;HttpOnly;SameSite=None;Secure;Domain=fabrikam-dash-development-tzjeje.scm.azurewebsites.net" Transfer-Encoding="chunked" X-ARR-LOG-ID="ab9e3921-2bf7-423f-bf96-a1ed3a29d4ea" CLIENT-IP="52.234.43.180:51136" X-SITE-DEPLOYMENT-ID="fabrikam-dash-development-tzjeje" WAS-DEFAULT-HOSTNAME="fabrikam-dash-development-tzjeje.scm.azurewebsites.net" X-Forwarded-Proto="https" X-AppService-Proto="https" X-Forwarded-TlsVersion="1.3" X-WAWS-Unencoded-URL="/api/publish?async=true&amp;deployer=GITHUB_ONE_DEPLOY&amp;type=zip&amp;message=%7B%22type%22%3A%22deployment%22%2C%22sha%22%3A%22829d9ba29e3557a00bcceb4485bb6142436deb38%22%2C%22repoName%22%3A%22davebirr%2FFabrikam-Project%22%2C%22actor%22%3A%22davebirr%22%2C%22slotName%22%3A%22Production%22%2C%22commitMessage%22%3A%22fix%3A%20Add%20console%20logging%20to%20diagnose%20X-Tracking-Guid%20header%20issue%5Cn%5Cn-%20Add%20Console.WriteLine%20statements%20to%20see%20if%20header%20is%20being%20added%5Cn-%20Improve%20error%20logging%20to%20show%20HTTP%20status%20codes%20and%20response%20content%5Cn-%20Change%20from%20LogDebug%20to%20LogInformation%20for%20visibility%5Cn-%20This%20will%20help%20diagnose%20why%20dashboard%20shows%20no%20data%22%7D" X-Client-IP="52.234.43.180" X-Client-Port="51136" >
  <step title="OneDeploy" date="2025-11-05T21:34:49.087" >
    <step title="None repository commit" date="2025-11-05T21:34:49.262" >
      <step title="Commit id: 76645744-cbac-4560-87ca-3257d60afd4a" date="2025-11-05T21:34:49.272" Message="N/A" AuthorName="N/A" AuthorEmail="N/A" /><!-- duration: 26ms -->
    </step><!-- duration: 39ms -->
    <step title="Starting PushDeployAsync" date="2025-11-05T21:34:49.310" /><!-- duration: 9ms -->
    <step title="WEBSITE_RUN_FROM_PACKAGE is set to 1. Writing zip to SitePackagesPath" date="2025-11-05T21:34:49.465" /><!-- duration: 20ms -->
    <step title="Copying zip to SitePackages /home/data/SitePackages/20251105213449.zip from request body" date="2025-11-05T21:34:49.539" /><!-- duration: 11ms -->
    <step title="Writing multipart request body to /home/data/SitePackages/20251105213449.zip" date="2025-11-05T21:34:49.596" /><!-- duration: 90ms -->
    <step title="Deleting outdated zip file /home/data/SitePackages/20251105180455.zip" date="2025-11-05T21:34:51.970" /><!-- duration: 17ms -->
    <step title="Start deployment in the background" date="2025-11-05T21:34:52.036" >
      <step title="Acquiring Deployment Lock" date="2025-11-05T21:34:52.115" /><!-- duration: 32ms -->
      <step title="Acquired Deployment Lock" date="2025-11-05T21:34:52.458" /><!-- duration: 9ms -->
    </step><!-- duration: 657ms -->
  </step><!-- duration: 3639ms -->
  <step title="Outgoing response" date="2025-11-05T21:34:52.804" type="response" statusCode="202" statusText="Accepted" /><!-- duration: 10ms -->
</step><!-- duration: 5385ms -->
