<step title="Incoming Request" date="2025-11-05T21:19:23.923" instance="2b261b" url="/api/publish?type=zip" method="POST" type="request" pid="837,1,21" Accept="*/*" Host="fabrikam-dash-development-tzjeje.scm.azurewebsites.net" User-Agent="AZURECLI/2.73.0 (MSI)" Accept-Encoding="gzip, deflate" Authorization="Bas..." Cache-Control="no-cache" Content-Type="application/octet-stream" Content-Length="5134561" x-ms-client-request-id="e3c5c476-ba8c-11f0-aa78-000d3a8f9a64" x-ms-artifact-checksum="7be949c06e76cb6746232881810c9164415c43671d429f12d7f3d99b18ccf921" X-ARR-LOG-ID="e3c5c476-ba8c-11f0-aa78-000d3a8f9a64" CLIENT-IP="40.117.66.185:54959" X-SITE-DEPLOYMENT-ID="fabrikam-dash-development-tzjeje" WAS-DEFAULT-HOSTNAME="fabrikam-dash-development-tzjeje.scm.azurewebsites.net" X-Forwarded-Proto="https" X-AppService-Proto="https" X-Forwarded-TlsVersion="1.3" X-WAWS-Unencoded-URL="/api/publish?type=zip" X-Client-IP="40.117.66.185" X-Client-Port="54959" >
  <step title="Cleanup Xml Logs" date="2025-11-05T21:19:24.113" /><!-- duration: 114ms -->
  <step title="OneDeploy" date="2025-11-05T21:19:38.821" >
    <step title="None repository commit" date="2025-11-05T21:19:40.742" >
      <step title="Commit id: da8f65d8-a9b4-4b50-8779-467d323e99e3" date="2025-11-05T21:19:40.871" Message="N/A" AuthorName="N/A" AuthorEmail="N/A" /><!-- duration: 59ms -->
    </step><!-- duration: 345ms -->
    <step title="Starting PushDeployAsync" date="2025-11-05T21:19:41.303" /><!-- duration: 70ms -->
    <step title="WEBSITE_RUN_FROM_PACKAGE is set to 1. Writing zip to SitePackagesPath" date="2025-11-05T21:19:43.227" /><!-- duration: 47ms -->
    <step title="Copying zip to SitePackages /home/data/SitePackages/20251105211940.zip from request body" date="2025-11-05T21:19:43.753" /><!-- duration: 738ms -->
    <step title="Writing multipart request body to /home/data/SitePackages/20251105211940.zip" date="2025-11-05T21:19:44.628" /><!-- duration: 39ms -->
    <step title="Deleting outdated zip file /home/data/SitePackages/20251105175230.zip" date="2025-11-05T21:20:08.138" /><!-- duration: 230ms -->
    <step title="Attempting to fetch target branch HEAD" date="2025-11-05T21:20:09.463" /><!-- duration: 183ms -->
    <step title="Acquiring Deployment Lock" date="2025-11-05T21:20:09.878" /><!-- duration: 68ms -->
    <step title="Acquired Deployment Lock" date="2025-11-05T21:20:11.955" /><!-- duration: 31ms -->
    <step title="Performing fetch based deployment" date="2025-11-05T21:20:12.919" >
      <step title="Creating temporary deployment" date="2025-11-05T21:20:13.231" /><!-- duration: 4262ms -->
