<step title="BackgroundTrace" date="2025-11-05T21:34:52.058" instance="2b261b" url="/api/publish" method="POST" >
  <step title="Cleanup Xml Logs" date="2025-11-05T21:34:52.067" /><!-- duration: 10ms -->
  <step title="Creating temporary deployment - FetchDeploymentManager" date="2025-11-05T21:34:52.471" /><!-- duration: 9ms -->
  <step title="Creating temporary deployment" date="2025-11-05T21:34:52.520" /><!-- duration: 169ms -->
  <step title="Performing fetch based deployment" date="2025-11-05T21:34:52.883" >
    <step title="Deployment timer started" date="2025-11-05T21:34:56.951" >
      <step title="DeploymentManager.Deploy(id:76645744-cbac-4560-87ca-3257d60afd4a)" date="2025-11-05T21:34:56.960" >
        <step title="Collecting changeset information" date="2025-11-05T21:34:57.009" /><!-- duration: 186ms -->
        <step title="Updating submodules" date="2025-11-05T21:34:57.201" /><!-- duration: 1207ms -->
        <step title="Determining deployment builder" date="2025-11-05T21:34:58.760" >
          <step title="Builder is RunFromZipSiteBuilder" date="2025-11-05T21:34:58.787" /><!-- duration: 11ms -->
        </step><!-- duration: 45ms -->
        <step title="PreDeployment: context.CleanOutputPath False" date="2025-11-05T21:34:58.862" >
          <step title="PreDeployment: context.OutputPath /home/site/wwwroot" date="2025-11-05T21:34:59.018" >
            <step title="Building" date="2025-11-05T21:34:59.302" >
              <step title="Modified file to trigger a restart of the app container." date="2025-11-05T21:35:00.144" /><!-- duration: 40ms -->
              <step title="Skip function trigger and logicapp sync because function is not enabled." date="2025-11-05T21:35:00.214" /><!-- duration: 9ms -->
              <step title="Purge deployment items" date="2025-11-05T21:35:03.869" >
                <step title="Remove temp-a487, Failed, received at 11/05/2025 21:20:13" date="2025-11-05T21:35:04.085" /><!-- duration: 19ms -->
              </step><!-- duration: 244ms -->
            </step><!-- duration: 5007ms -->
          </step><!-- duration: 5328ms -->
          <step title="Cleaning up temp files" date="2025-11-05T21:35:04.403" /><!-- duration: 49ms -->
          <step title="Cleaning up temp files" date="2025-11-05T21:35:04.489" /><!-- duration: 545ms -->
          <step title="Reloading status file with latest updates" date="2025-11-05T21:35:05.372" >
            <step title="WebHooksManager.PublishEventAsync: PostDeployment" date="2025-11-05T21:35:05.402" /><!-- duration: 2341ms -->
          </step><!-- duration: 2383ms -->
          <step title="Cleaning up temporary deployment - fetch deployment was successful" date="2025-11-05T21:35:07.813" /><!-- duration: 30ms -->
        </step><!-- duration: 9708ms -->
      </step><!-- duration: 11668ms -->
