<step title="BackgroundTrace" date="2025-11-05T22:41:04.670" instance="2b261b" url="/api/publish" method="POST" >
  <step title="Cleanup Xml Logs" date="2025-11-05T22:41:04.758" /><!-- duration: 321ms -->
  <step title="Creating temporary deployment - FetchDeploymentManager" date="2025-11-05T22:41:06.692" /><!-- duration: 11ms -->
  <step title="Creating temporary deployment" date="2025-11-05T22:41:06.723" /><!-- duration: 596ms -->
  <step title="Performing fetch based deployment" date="2025-11-05T22:41:08.501" >
    <step title="Deployment timer started" date="2025-11-05T22:41:15.344" >
      <step title="DeploymentManager.Deploy(id:b44ec792-0600-4553-a000-cd8d458ba6a3)" date="2025-11-05T22:41:15.460" >
        <step title="Collecting changeset information" date="2025-11-05T22:41:16.034" /><!-- duration: 792ms -->
        <step title="Updating submodules" date="2025-11-05T22:41:17.538" /><!-- duration: 2974ms -->
        <step title="Determining deployment builder" date="2025-11-05T22:41:23.533" >
          <step title="Builder is RunFromZipSiteBuilder" date="2025-11-05T22:41:23.663" /><!-- duration: 49ms -->
        </step><!-- duration: 218ms -->
        <step title="PreDeployment: context.CleanOutputPath False" date="2025-11-05T22:41:24.411" >
          <step title="PreDeployment: context.OutputPath /home/site/wwwroot" date="2025-11-05T22:41:25.261" >
            <step title="Building" date="2025-11-05T22:41:26.314" >
              <step title="Modified file to trigger a restart of the app container." date="2025-11-05T22:41:40.435" /><!-- duration: 129ms -->
              <step title="Skip function trigger and logicapp sync because function is not enabled." date="2025-11-05T22:41:40.640" /><!-- duration: 32ms -->
              <step title="Purge deployment items" date="2025-11-05T22:41:57.915" >
                <step title="Remove acf2dce7-, Success, received at 11/05/2025 17:52:51" date="2025-11-05T22:41:58.566" /><!-- duration: 12ms -->
              </step><!-- duration: 702ms -->
            </step><!-- duration: 32616ms -->
          </step><!-- duration: 33698ms -->
          <step title="Cleaning up temp files" date="2025-11-05T22:41:58.996" /><!-- duration: 41ms -->
          <step title="Cleaning up temp files" date="2025-11-05T22:41:59.048" /><!-- duration: 587ms -->
          <step title="Reloading status file with latest updates" date="2025-11-05T22:41:59.723" >
            <step title="WebHooksManager.PublishEventAsync: PostDeployment" date="2025-11-05T22:41:59.794" /><!-- duration: 981ms -->
          </step><!-- duration: 1071ms -->
          <step title="Cleaning up temporary deployment - fetch deployment was successful" date="2025-11-05T22:42:00.901" /><!-- duration: 21ms -->
        </step><!-- duration: 36774ms -->
      </step><!-- duration: 46224ms -->
