<step title="Incoming Request" date="2025-11-05T22:01:55.241" instance="2b261b" url="/api/publish?async=true&amp;deployer=GITHUB_ONE_DEPLOY&amp;type=zip&amp;message=%7B%22type%22%3A%22deployment%22%2C%22sha%22%3A%22effdd09553f2c8a9a7d7dc6129d11809b343e88a%22%2C%22repoName%22%3A%22davebirr%2FFabrikam-Project%22%2C%22actor%22%3A%22davebirr%22%2C%22slotName%22%3A%22Production%22%2C%22commitMessage%22%3A%22fix%3A%20Strip%20dashboard-%20prefix%20from%20ServiceGuid%20to%20send%20valid%20GUID%20format%20to%20API%5Cn%5Cn-%20API%20expects%20standard%2036-character%20GUID%20format%20(00000000-0000-0000-0000-000000000001)%5Cn-%20Configuration%20contains%20%27dashboard-%27%20prefix%20for%20identification%5Cn-%20Now%20stripping%20prefix%20before%20sending%20in%20X-Tracking-Guid%20header%5Cn-%20Fixes%2030-second%20timeout%20errors%20when%20calling%20FabrikamApi%20endpoints%5Cn-%20Enhanced%20logging%20shows%20both%20raw%20and%20processed%20GUID%20values%22%7D" method="POST" type="request" pid="843,1,32" Host="fabrikam-dash-development-tzjeje.scm.azurewebsites.net" User-Agent="GITHUBACTIONS_DeployWebAppToAzure_ff222c1818888211b99a37d44e9d1cdf389bec11b62e90e92e71032ee5564df7" Authorization="Bea..." Content-Type="application/octet-stream" Cookie="ARRAffinity=2b261bc217ca563c1dbab7acbf33b1bfe0d40640c43abfd5946eaec8d2ce0295;Path=/;HttpOnly;Secure;Domain=fabrikam-dash-development-tzjeje.scm.azurewebsites.net; ARRAffinitySameSite=2b261bc217ca563c1dbab7acbf33b1bfe0d40640c43abfd5946eaec8d2ce0295;Path=/;HttpOnly;SameSite=None;Secure;Domain=fabrikam-dash-development-tzjeje.scm.azurewebsites.net" Transfer-Encoding="chunked" X-ARR-LOG-ID="eea4a88a-fff0-46c7-923b-766972c86f74" CLIENT-IP="13.83.161.85:14336" X-SITE-DEPLOYMENT-ID="fabrikam-dash-development-tzjeje" WAS-DEFAULT-HOSTNAME="fabrikam-dash-development-tzjeje.scm.azurewebsites.net" X-Forwarded-Proto="https" X-AppService-Proto="https" X-Forwarded-TlsVersion="1.3" X-WAWS-Unencoded-URL="/api/publish?async=true&amp;deployer=GITHUB_ONE_DEPLOY&amp;type=zip&amp;message=%7B%22type%22%3A%22deployment%22%2C%22sha%22%3A%22effdd09553f2c8a9a7d7dc6129d11809b343e88a%22%2C%22repoName%22%3A%22davebirr%2FFabrikam-Project%22%2C%22actor%22%3A%22davebirr%22%2C%22slotName%22%3A%22Production%22%2C%22commitMessage%22%3A%22fix%3A%20Strip%20dashboard-%20prefix%20from%20ServiceGuid%20to%20send%20valid%20GUID%20format%20to%20API%5Cn%5Cn-%20API%20expects%20standard%2036-character%20GUID%20format%20(00000000-0000-0000-0000-000000000001)%5Cn-%20Configuration%20contains%20%27dashboard-%27%20prefix%20for%20identification%5Cn-%20Now%20stripping%20prefix%20before%20sending%20in%20X-Tracking-Guid%20header%5Cn-%20Fixes%2030-second%20timeout%20errors%20when%20calling%20FabrikamApi%20endpoints%5Cn-%20Enhanced%20logging%20shows%20both%20raw%20and%20processed%20GUID%20values%22%7D" X-Client-IP="13.83.161.85" X-Client-Port="14336" >
  <step title="OneDeploy" date="2025-11-05T22:01:56.752" >
    <step title="Starting PushDeployAsync" date="2025-11-05T22:01:57.018" /><!-- duration: 21ms -->
    <step title="WEBSITE_RUN_FROM_PACKAGE is set to 1. Writing zip to SitePackagesPath" date="2025-11-05T22:01:57.137" /><!-- duration: 68ms -->
    <step title="Copying zip to SitePackages /home/data/SitePackages/20251105220156.zip from request body" date="2025-11-05T22:01:57.251" /><!-- duration: 31ms -->
    <step title="Writing multipart request body to /home/data/SitePackages/20251105220156.zip" date="2025-11-05T22:01:57.341" /><!-- duration: 31ms -->
    <step title="Deleting outdated zip file /home/data/SitePackages/20251105182658.zip" date="2025-11-05T22:02:00.844" /><!-- duration: 51ms -->
    <step title="Start deployment in the background" date="2025-11-05T22:02:01.018" >
      <step title="Acquiring Deployment Lock" date="2025-11-05T22:02:02.040" /><!-- duration: 416ms -->
      <step title="Acquired Deployment Lock" date="2025-11-05T22:02:03.296" /><!-- duration: 482ms -->
    </step><!-- duration: 4963ms -->
  </step><!-- duration: 9700ms -->
  <step title="Outgoing response" date="2025-11-05T22:02:06.595" type="response" statusCode="202" statusText="Accepted" /><!-- duration: 105ms -->
</step><!-- duration: 11565ms -->
