<step title="BackgroundTrace" date="2025-11-05T20:51:08.646" instance="2b261b" url="/api/publish" method="POST" >
  <step title="Cleanup Xml Logs" date="2025-11-05T20:51:08.681" /><!-- duration: 117ms -->
  <step title="Creating temporary deployment - FetchDeploymentManager" date="2025-11-05T20:51:11.483" /><!-- duration: 49ms -->
  <step title="Creating temporary deployment" date="2025-11-05T20:51:11.690" /><!-- duration: 2455ms -->
  <step title="Performing fetch based deployment" date="2025-11-05T20:51:17.356" >
    <step title="Deployment timer started" date="2025-11-05T20:51:38.777" >
      <step title="DeploymentManager.Deploy(id:4e2d52e7-90e8-4a3c-b0e3-803a371eab1a)" date="2025-11-05T20:51:39.426" >
        <step title="Collecting changeset information" date="2025-11-05T20:51:40.392" /><!-- duration: 7398ms -->
        <step title="Updating submodules" date="2025-11-05T20:51:47.946" /><!-- duration: 5160ms -->
        <step title="Determining deployment builder" date="2025-11-05T20:52:29.917" >
          <step title="Builder is RunFromZipSiteBuilder" date="2025-11-05T20:52:31.523" /><!-- duration: 338ms -->
        </step><!-- duration: 2715ms -->
        <step title="PreDeployment: context.CleanOutputPath False" date="2025-11-05T20:52:38.129" >
          <step title="PreDeployment: context.OutputPath /home/site/wwwroot" date="2025-11-05T20:52:43.569" >
            <step title="Building" date="2025-11-05T20:52:52.496" >
              <step title="Modified file to trigger a restart of the app container." date="2025-11-05T20:52:58.526" /><!-- duration: 95ms -->
              <step title="Skip function trigger and logicapp sync because function is not enabled." date="2025-11-05T20:52:59.170" /><!-- duration: 276ms -->
