<step title="Incoming Request" date="2025-11-05T20:58:10.507" instance="2b261b" url="/api/publish?async=true&amp;deployer=GITHUB_ONE_DEPLOY&amp;type=zip&amp;message=%7B%22type%22%3A%22deployment%22%2C%22sha%22%3A%22a3da9633cc950b7937bd92b78acf90601805e8bc%22%2C%22repoName%22%3A%22davebirr%2FFabrikam-Project%22%2C%22actor%22%3A%22davebirr%22%2C%22slotName%22%3A%22Production%22%2C%22commitMessage%22%3A%22chore%3A%20Remove%20obsolete%20deploy-api.yml%20workflow%5Cn%5Cn-%20Workflow%20was%20failing%20due%20to%20missing%20AZURE_API_PUBLISH_PROFILE%20secret%5Cn-%20Redundant%20with%20Azure-generated%20main_fabrikam-api-development-tzjeje.yml%5Cn-%20Development%20deployments%20handled%20by%20Azure-generated%20workflows%5Cn-%20Workshop%20deployments%20handled%20by%20deploy-full-stack.yml%22%7D" method="POST" type="request" pid="835,1,18" Host="fabrikam-dash-development-tzjeje.scm.azurewebsites.net" User-Agent="GITHUBACTIONS_DeployWebAppToAzure_ff222c1818888211b99a37d44e9d1cdf389bec11b62e90e92e71032ee5564df7" Authorization="Bea..." Content-Type="application/octet-stream" Cookie="ARRAffinity=2b261bc217ca563c1dbab7acbf33b1bfe0d40640c43abfd5946eaec8d2ce0295;Path=/;HttpOnly;Secure;Domain=fabrikam-dash-development-tzjeje.scm.azurewebsites.net; ARRAffinitySameSite=2b261bc217ca563c1dbab7acbf33b1bfe0d40640c43abfd5946eaec8d2ce0295;Path=/;HttpOnly;SameSite=None;Secure;Domain=fabrikam-dash-development-tzjeje.scm.azurewebsites.net" Transfer-Encoding="chunked" X-ARR-LOG-ID="a0f06c48-e4bd-4707-874a-f039fd411f44" CLIENT-IP="40.65.61.40:50176" X-SITE-DEPLOYMENT-ID="fabrikam-dash-development-tzjeje" WAS-DEFAULT-HOSTNAME="fabrikam-dash-development-tzjeje.scm.azurewebsites.net" X-Forwarded-Proto="https" X-AppService-Proto="https" X-Forwarded-TlsVersion="1.3" X-WAWS-Unencoded-URL="/api/publish?async=true&amp;deployer=GITHUB_ONE_DEPLOY&amp;type=zip&amp;message=%7B%22type%22%3A%22deployment%22%2C%22sha%22%3A%22a3da9633cc950b7937bd92b78acf90601805e8bc%22%2C%22repoName%22%3A%22davebirr%2FFabrikam-Project%22%2C%22actor%22%3A%22davebirr%22%2C%22slotName%22%3A%22Production%22%2C%22commitMessage%22%3A%22chore%3A%20Remove%20obsolete%20deploy-api.yml%20workflow%5Cn%5Cn-%20Workflow%20was%20failing%20due%20to%20missing%20AZURE_API_PUBLISH_PROFILE%20secret%5Cn-%20Redundant%20with%20Azure-generated%20main_fabrikam-api-development-tzjeje.yml%5Cn-%20Development%20deployments%20handled%20by%20Azure-generated%20workflows%5Cn-%20Workshop%20deployments%20handled%20by%20deploy-full-stack.yml%22%7D" X-Client-IP="40.65.61.40" X-Client-Port="50176" >
  <step title="OneDeploy" date="2025-11-05T20:58:12.091" >
    <step title="None repository commit" date="2025-11-05T20:58:12.533" >
      <step title="Commit id: 14cfb8e1-f609-4c4d-8755-455942f51ab7" date="2025-11-05T20:58:12.572" Message="N/A" AuthorName="N/A" AuthorEmail="N/A" /><!-- duration: 49ms -->
    </step><!-- duration: 125ms -->
    <step title="Starting PushDeployAsync" date="2025-11-05T20:58:12.677" /><!-- duration: 36ms -->
    <step title="WEBSITE_RUN_FROM_PACKAGE is set to 1. Writing zip to SitePackagesPath" date="2025-11-05T20:58:13.056" /><!-- duration: 19ms -->
    <step title="Copying zip to SitePackages /home/data/SitePackages/20251105205812.zip from request body" date="2025-11-05T20:58:13.108" /><!-- duration: 37ms -->
    <step title="Writing multipart request body to /home/data/SitePackages/20251105205812.zip" date="2025-11-05T20:58:13.281" /><!-- duration: 120ms -->
    <step title="Deleting outdated zip file /home/data/SitePackages/20251105172247.zip" date="2025-11-05T20:58:20.347" /><!-- duration: 148ms -->
    <step title="Start deployment in the background" date="2025-11-05T20:58:20.761" >
      <step title="Acquiring Deployment Lock" date="2025-11-05T20:58:22.278" /><!-- duration: 39ms -->
      <step title="Acquired Deployment Lock" date="2025-11-05T20:58:22.803" /><!-- duration: 75ms -->
    </step><!-- duration: 3243ms -->
  </step><!-- duration: 12217ms -->
  <step title="Outgoing response" date="2025-11-05T20:58:24.913" type="response" statusCode="202" statusText="Accepted" /><!-- duration: 47ms -->
</step><!-- duration: 14788ms -->
