﻿<?xml version="1.0" encoding="utf-8"?>
<deployment>
  <id>d8465ece-3cd3-4345-bca8-7d0f72b5f346</id>
  <author>N/A</author>
  <deployer>OneDeploy</deployer>
  <authorEmail>N/A</authorEmail>
  <message>OneDeploy</message>
  <progress></progress>
  <status>Success</status>
  <statusText></statusText>
  <lastSuccessEndTime>2025-11-05T22:51:58.0257408Z</lastSuccessEndTime>
  <receivedTime>2025-11-05T22:51:26.0011004Z</receivedTime>
  <startTime>2025-11-05T22:51:29.193902Z</startTime>
  <endTime>2025-11-05T22:51:58.0257408Z</endTime>
  <complete>True</complete>
  <is_temp>False</is_temp>
  <is_readonly>True</is_readonly>
  <buildSummary />
</deployment>