﻿<?xml version="1.0" encoding="utf-8"?>
<deployment>
  <id>b6a59d6b-f484-4d57-9273-f3b5256bede3</id>
  <author>N/A</author>
  <deployer>OneDeploy</deployer>
  <authorEmail>N/A</authorEmail>
  <message>OneDeploy</message>
  <progress></progress>
  <status>Success</status>
  <statusText></statusText>
  <lastSuccessEndTime>2025-11-05T22:04:39.9027072Z</lastSuccessEndTime>
  <receivedTime>2025-11-05T22:04:10.4442906Z</receivedTime>
  <startTime>2025-11-05T22:04:17.9034274Z</startTime>
  <endTime>2025-11-05T22:04:39.9027072Z</endTime>
  <complete>True</complete>
  <is_temp>False</is_temp>
  <is_readonly>True</is_readonly>
  <buildSummary />
</deployment>