﻿<?xml version="1.0" encoding="utf-8"?>
<deployment>
  <id>6c208bdd-b5c8-4ec4-993f-b6f5ecb3ca1a</id>
  <author>N/A</author>
  <deployer>OneDeploy</deployer>
  <authorEmail>N/A</authorEmail>
  <message>OneDeploy</message>
  <progress></progress>
  <status>Success</status>
  <statusText></statusText>
  <lastSuccessEndTime>2025-11-05T17:19:04.6344239Z</lastSuccessEndTime>
  <receivedTime>2025-11-05T17:18:58.2438596Z</receivedTime>
  <startTime>2025-11-05T17:18:59.7790277Z</startTime>
  <endTime>2025-11-05T17:19:04.6344239Z</endTime>
  <complete>True</complete>
  <is_temp>False</is_temp>
  <is_readonly>True</is_readonly>
  <buildSummary />
</deployment>