﻿<?xml version="1.0" encoding="utf-8"?>
<deployment>
  <id>b44ec792-0600-4553-a000-cd8d458ba6a3</id>
  <author>N/A</author>
  <deployer>OneDeploy</deployer>
  <authorEmail>N/A</authorEmail>
  <message>OneDeploy</message>
  <progress></progress>
  <status>Success</status>
  <statusText></statusText>
  <lastSuccessEndTime>2025-11-05T22:41:45.121538Z</lastSuccessEndTime>
  <receivedTime>2025-11-05T22:41:16.4540652Z</receivedTime>
  <startTime>2025-11-05T22:41:23.1668351Z</startTime>
  <endTime>2025-11-05T22:41:45.121538Z</endTime>
  <complete>True</complete>
  <is_temp>False</is_temp>
  <is_readonly>True</is_readonly>
  <buildSummary />
</deployment>