<step title="Incoming Request" date="2025-11-05T18:04:55.007" instance="2b261b" url="/api/publish?async=true&amp;deployer=GITHUB_ONE_DEPLOY&amp;type=zip&amp;message=%7B%22type%22%3A%22deployment%22%2C%22sha%22%3A%22bb8b1bba6b19164b96ac36411295624fbc2bd3c0%22%2C%22repoName%22%3A%22davebirr%2FFabrikam-Project%22%2C%22actor%22%3A%22davebirr%22%2C%22slotName%22%3A%22Production%22%2C%22commitMessage%22%3A%22fix%3A%20Add%20X-Tracking-Guid%20header%20to%20dashboard%20API%20client%5Cn%5CnThe%20dashboard%20was%20receiving%20401%20Unauthorized%20errors%20from%20the%20API%20because%5Cnit%20wasn%27t%20sending%20the%20required%20X-Tracking-Guid%20header.%20The%20API%20is%20deployed%5Cnin%20Disabled%20authentication%20mode%2C%20which%20still%20requires%20this%20header%20for%5Cnclient%20tracking.%5Cn%5CnChanges%3A%5Cn-%20Added%20X-Tracking-Guid%20to%20HTTP%20client%20default%20headers%5Cn-%20Uses%20configurable%20Dashboard%3ATrackingGuid%20or%20default%20GUID%5Cn-%20Allows%20dashboard%20to%20authenticate%20with%20API%20in%20Disabled%20mode%5Cn%5CnFixes%3A%20Dashboard%20stuck%20on%20%27Loading%20dashboard%20data...%27%20spinner%22%7D" method="POST" type="request" pid="841,1,27" Host="fabrikam-dash-development-tzjeje.scm.azurewebsites.net" User-Agent="GITHUBACTIONS_DeployWebAppToAzure_ff222c1818888211b99a37d44e9d1cdf389bec11b62e90e92e71032ee5564df7" Authorization="Bea..." Content-Type="application/octet-stream" Cookie="ARRAffinity=2b261bc217ca563c1dbab7acbf33b1bfe0d40640c43abfd5946eaec8d2ce0295;Path=/;HttpOnly;Secure;Domain=fabrikam-dash-development-tzjeje.scm.azurewebsites.net; ARRAffinitySameSite=2b261bc217ca563c1dbab7acbf33b1bfe0d40640c43abfd5946eaec8d2ce0295;Path=/;HttpOnly;SameSite=None;Secure;Domain=fabrikam-dash-development-tzjeje.scm.azurewebsites.net" Transfer-Encoding="chunked" X-ARR-LOG-ID="9af23bb5-0bc9-4616-9cfd-a92015eb88de" CLIENT-IP="172.178.119.32:13312" X-SITE-DEPLOYMENT-ID="fabrikam-dash-development-tzjeje" WAS-DEFAULT-HOSTNAME="fabrikam-dash-development-tzjeje.scm.azurewebsites.net" X-Forwarded-Proto="https" X-AppService-Proto="https" X-Forwarded-TlsVersion="1.3" X-WAWS-Unencoded-URL="/api/publish?async=true&amp;deployer=GITHUB_ONE_DEPLOY&amp;type=zip&amp;message=%7B%22type%22%3A%22deployment%22%2C%22sha%22%3A%22bb8b1bba6b19164b96ac36411295624fbc2bd3c0%22%2C%22repoName%22%3A%22davebirr%2FFabrikam-Project%22%2C%22actor%22%3A%22davebirr%22%2C%22slotName%22%3A%22Production%22%2C%22commitMessage%22%3A%22fix%3A%20Add%20X-Tracking-Guid%20header%20to%20dashboard%20API%20client%5Cn%5CnThe%20dashboard%20was%20receiving%20401%20Unauthorized%20errors%20from%20the%20API%20because%5Cnit%20wasn%27t%20sending%20the%20required%20X-Tracking-Guid%20header.%20The%20API%20is%20deployed%5Cnin%20Disabled%20authentication%20mode%2C%20which%20still%20requires%20this%20header%20for%5Cnclient%20tracking.%5Cn%5CnChanges%3A%5Cn-%20Added%20X-Tracking-Guid%20to%20HTTP%20client%20default%20headers%5Cn-%20Uses%20configurable%20Dashboard%3ATrackingGuid%20or%20default%20GUID%5Cn-%20Allows%20dashboard%20to%20authenticate%20with%20API%20in%20Disabled%20mode%5Cn%5CnFixes%3A%20Dashboard%20stuck%20on%20%27Loading%20dashboard%20data...%27%20spinner%22%7D" X-Client-IP="172.178.119.32" X-Client-Port="13312" >
  <step title="OneDeploy" date="2025-11-05T18:04:55.113" >
    <step title="Starting PushDeployAsync" date="2025-11-05T18:04:55.204" /><!-- duration: 15ms -->
    <step title="WEBSITE_RUN_FROM_PACKAGE is set to 1. Writing zip to SitePackagesPath" date="2025-11-05T18:04:55.250" /><!-- duration: 12ms -->
    <step title="Copying zip to SitePackages /home/data/SitePackages/20251105180455.zip from request body" date="2025-11-05T18:04:55.307" /><!-- duration: 50ms -->
    <step title="Writing multipart request body to /home/data/SitePackages/20251105180455.zip" date="2025-11-05T18:04:55.392" /><!-- duration: 28ms -->
    <step title="Start deployment in the background" date="2025-11-05T18:04:56.207" >
      <step title="Acquiring Deployment Lock" date="2025-11-05T18:04:56.501" /><!-- duration: 20ms -->
      <step title="Acquired Deployment Lock" date="2025-11-05T18:04:56.598" /><!-- duration: 9ms -->
    </step><!-- duration: 678ms -->
  </step><!-- duration: 1785ms -->
  <step title="Outgoing response" date="2025-11-05T18:04:56.902" type="response" statusCode="202" statusText="Accepted" /><!-- duration: 15ms -->
</step><!-- duration: 1920ms -->
