﻿<?xml version="1.0" encoding="utf-8"?>
<deployment>
  <id>6837cbea-10bb-48ee-8766-a2871ce727b6</id>
  <author>N/A</author>
  <deployer>OneDeploy</deployer>
  <authorEmail>N/A</authorEmail>
  <message>OneDeploy</message>
  <progress></progress>
  <status>Success</status>
  <statusText></statusText>
  <lastSuccessEndTime>2025-11-05T18:27:15.5070096Z</lastSuccessEndTime>
  <receivedTime>2025-11-05T18:27:07.7774565Z</receivedTime>
  <startTime>2025-11-05T18:27:09.5988331Z</startTime>
  <endTime>2025-11-05T18:27:15.5070096Z</endTime>
  <complete>True</complete>
  <is_temp>False</is_temp>
  <is_readonly>True</is_readonly>
  <buildSummary />
</deployment>